Codici,ID Prodotto,Nome Prodotto,Produttore,Mese,Anno,Mese - Anno,Q.tà venduta,Canale di vendita
"Olio extravergine di oliva  "" VERD’OLIVO NOVELLO"" 2019 1L--2020--10",2106,"Olio extravergine di oliva  "" VERD’OLIVO NOVELLO"" 2019 1L",Agrestis soc.Cooperativa Agricola,10,2020,ottobre 2020,10,
"Olio extravergine di oliva ""NETTARIBLEO ORGANIC & DOP"" BIO 2019 1L--2020--10",2107,"Olio extravergine di oliva ""NETTARIBLEO ORGANIC & DOP"" BIO 2019 1L",Agrestis soc.Cooperativa Agricola,10,2020,ottobre 2020,10,
"Olio EVO ""Zenia"" 1L BIO 2019--2020--10",2116,"Olio EVO ""Zenia"" 1L BIO 2019",Azienda agricola f.lli Mangano,10,2020,ottobre 2020,25,
"Olio EVO ""Zenia"" 750 ml BIO 2019--2020--10",2180,"Olio EVO ""Zenia"" 750 ml BIO 2019",Azienda agricola f.lli Mangano,10,2020,ottobre 2020,5,
"Olio EVO ""L'olio di Licia"" BIO 3L 2019--2020--10",2115,"Olio EVO ""L'olio di Licia"" BIO 3L 2019",Azienda Agricola Licia Guccione,10,2020,ottobre 2020,1,
Olio EVO Blend BIO 1L 2019--2020--10,2108,Olio EVO Blend BIO 1L 2019,Azienda Agricola Virzì,10,2020,ottobre 2020,47,
"Olio EVO verdello BIO 0,5L 2019--2020--10",2109,"Olio EVO verdello BIO 0,5L 2019",Azienda Agricola Virzì,10,2020,ottobre 2020,1,
"Olio EVO Primo Dop Monti Iblei 0,75L 2019--2020--10",2112,"Olio EVO Primo Dop Monti Iblei 0,75L 2019",Frantoi Cutrera SRL,10,2020,ottobre 2020,3,
Olio d’oliva “BACIO DI DONNA” 2 L 2019--2020--10,3040,Olio d’oliva “BACIO DI DONNA” 2 L 2019,DA.MA. IGD S.R.L SOC.AGRICOLA,10,2020,ottobre 2020,18,
"Olio extravergine di oliva DOP Polifemo 2019 0,5L--2020--10",2110,"Olio extravergine di oliva DOP Polifemo 2019 0,5L",Viragì sas,10,2020,ottobre 2020,2,
"Olio extravergine d'oliva SBEZI 2019 0,5L--2020--10",2111,"Olio extravergine d'oliva SBEZI 2019 0,5L",Viragì sas,10,2020,ottobre 2020,2,
Olio d’oliva “BACIO DI DONNA” 2 L 2019--2020--10,3040,Olio d’oliva “BACIO DI DONNA” 2 L 2019,DA.MA. IGD S.R.L SOC.AGRICOLA,10,2020,ottobre 2020,18,
"Olio EVO ""Zenia"" 1L BIO 2019--2020--10",2116,"Olio EVO ""Zenia"" 1L BIO 2019",Azienda agricola f.lli Mangano,10,2020,ottobre 2020,25,
Olio EVO Blend BIO 1L 2019--2020--10,2108,Olio EVO Blend BIO 1L 2019,Azienda Agricola Virzì,10,2020,ottobre 2020,47,
"Olio EVO Primo Dop Monti Iblei 0,75L 2019--2020--10",2112,"Olio EVO Primo Dop Monti Iblei 0,75L 2019",Frantoi Cutrera SRL,10,2020,ottobre 2020,3,
Olio d’oliva “BACIO DI DONNA” 2 L 2019--2020--10,3040,Olio d’oliva “BACIO DI DONNA” 2 L 2019,DA.MA. IGD S.R.L SOC.AGRICOLA,10,2020,ottobre 2020,18,
"Olio extravergine di oliva  "" VERD’OLIVO NOVELLO"" 2019 1L--2020--10",2106,"Olio extravergine di oliva  "" VERD’OLIVO NOVELLO"" 2019 1L",Agrestis soc.Cooperativa Agricola,10,2020,ottobre 2020,10,
"Olio EVO ""Zenia"" 1L BIO 2019--2020--10",2116,"Olio EVO ""Zenia"" 1L BIO 2019",Azienda agricola f.lli Mangano,10,2020,ottobre 2020,25,
Olio EVO Blend BIO 1L 2019--2020--10,2108,Olio EVO Blend BIO 1L 2019,Azienda Agricola Virzì,10,2020,ottobre 2020,47,
Olio d’oliva “BACIO DI DONNA” 2 L 2019--2020--10,3040,Olio d’oliva “BACIO DI DONNA” 2 L 2019,DA.MA. IGD S.R.L SOC.AGRICOLA,10,2020,ottobre 2020,18,
"Olio EVO ""Zenia"" 1L BIO 2019--2020--10",2116,"Olio EVO ""Zenia"" 1L BIO 2019",Azienda agricola f.lli Mangano,10,2020,ottobre 2020,25,
"Olio EVO ""Zenia"" 750 ml BIO 2019--2020--10",2180,"Olio EVO ""Zenia"" 750 ml BIO 2019",Azienda agricola f.lli Mangano,10,2020,ottobre 2020,5,
"Olio EVO ""Zenia"" 1L BIO 2020--2020--10",2274,"Olio EVO ""Zenia"" 1L BIO 2020",Azienda agricola f.lli Mangano,10,2020,ottobre 2020,29,
"Olio EVO ""Zenia"" 3L BIO 2020--2020--10",2287,"Olio EVO ""Zenia"" 3L BIO 2020",Azienda agricola f.lli Mangano,10,2020,ottobre 2020,1,
"Olio EVO ""Zenia"" 5L BIO 2020--2020--10",2289,"Olio EVO ""Zenia"" 5L BIO 2020",Azienda agricola f.lli Mangano,10,2020,ottobre 2020,4,
Olio EVO Blend BIO 1L 2019--2020--10,2108,Olio EVO Blend BIO 1L 2019,Azienda Agricola Virzì,10,2020,ottobre 2020,47,
Olio d’oliva “BACIO DI DONNA” 2 L 2019--2020--10,3040,Olio d’oliva “BACIO DI DONNA” 2 L 2019,DA.MA. IGD S.R.L SOC.AGRICOLA,10,2020,ottobre 2020,18,
Olio EVO Blend 5 L BIO 2020--2020--10,3004,Olio EVO Blend 5 L BIO 2020,Società Agricola Semplice Salsello,10,2020,ottobre 2020,2,
Olio EVO Blend 5 L BIO 2020--2020--11,3004,Olio EVO Blend 5 L BIO 2020,Società Agricola Semplice Salsello,11,2020,novembre 2020,16,
Olio EVO Blend 5 L BIO 2020--2020--11,3004,Olio EVO Blend 5 L BIO 2020,Società Agricola Semplice Salsello,11,2020,novembre 2020,16,
"Olio extravergine di oliva ""NETTARIBLEO ORGANIC & DOP"" BIO 2020 1L--2020--11",2277,"Olio extravergine di oliva ""NETTARIBLEO ORGANIC & DOP"" BIO 2020 1L",Agrestis soc.Cooperativa Agricola,11,2020,novembre 2020,34,
"Olio EVO ""Zenia"" 1L BIO 2020--2020--11",2274,"Olio EVO ""Zenia"" 1L BIO 2020",Azienda agricola f.lli Mangano,11,2020,novembre 2020,71,
"Olio EVO ""Zenia"" 3L BIO 2020--2020--11",2287,"Olio EVO ""Zenia"" 3L BIO 2020",Azienda agricola f.lli Mangano,11,2020,novembre 2020,23,
"Olio EVO ""Zenia"" 5L BIO 2020--2020--11",2289,"Olio EVO ""Zenia"" 5L BIO 2020",Azienda agricola f.lli Mangano,11,2020,novembre 2020,10,
"Olio EVO ""L'olio di Licia"" BIO 1L 2020--2020--11",2272,"Olio EVO ""L'olio di Licia"" BIO 1L 2020",Azienda Agricola Licia Guccione,11,2020,novembre 2020,74,
"Olio extravergine di oliva  "" VERD’OLIVO NOVELLO"" 2020 1L--2020--11",2276,"Olio extravergine di oliva  "" VERD’OLIVO NOVELLO"" 2020 1L",Agrestis soc.Cooperativa Agricola,11,2020,novembre 2020,22,
"Olio extravergine di oliva ""NETTARIBLEO ORGANIC & DOP"" BIO 2020 1L--2020--11",2277,"Olio extravergine di oliva ""NETTARIBLEO ORGANIC & DOP"" BIO 2020 1L",Agrestis soc.Cooperativa Agricola,11,2020,novembre 2020,34,
"Olio EVO ""Zenia"" 1L BIO 2019--2020--11",2116,"Olio EVO ""Zenia"" 1L BIO 2019",Azienda agricola f.lli Mangano,11,2020,novembre 2020,1,
"Olio EVO ""Zenia"" 750 ml BIO 2019--2020--11",2180,"Olio EVO ""Zenia"" 750 ml BIO 2019",Azienda agricola f.lli Mangano,11,2020,novembre 2020,1,
"Olio EVO ""Zenia"" 1L BIO 2020--2020--11",2274,"Olio EVO ""Zenia"" 1L BIO 2020",Azienda agricola f.lli Mangano,11,2020,novembre 2020,71,
"Olio EVO ""Zenia"" 3L BIO 2020--2020--11",2287,"Olio EVO ""Zenia"" 3L BIO 2020",Azienda agricola f.lli Mangano,11,2020,novembre 2020,23,
"Olio EVO ""Zenia"" 5L BIO 2020--2020--11",2289,"Olio EVO ""Zenia"" 5L BIO 2020",Azienda agricola f.lli Mangano,11,2020,novembre 2020,10,
"Olio EVO ""L'olio di Licia"" BIO 1L 2020--2020--11",2272,"Olio EVO ""L'olio di Licia"" BIO 1L 2020",Azienda Agricola Licia Guccione,11,2020,novembre 2020,74,
"Olio EVO ""L'olio di Licia"" BIO 3L 2020--2020--11",2273,"Olio EVO ""L'olio di Licia"" BIO 3L 2020",Azienda Agricola Licia Guccione,11,2020,novembre 2020,52,
Olio EVO Blend BIO 1L 2019--2020--11,2108,Olio EVO Blend BIO 1L 2019,Azienda Agricola Virzì,11,2020,novembre 2020,3,
Olio EVO Blend BIO 1L 2020--2020--11,2278,Olio EVO Blend BIO 1L 2020,Azienda Agricola Virzì,11,2020,novembre 2020,72,
"Olio EVO verdello BIO 0,5L 2020--2020--11",2279,"Olio EVO verdello BIO 0,5L 2020",Azienda Agricola Virzì,11,2020,novembre 2020,20,
Olio EVO Blend BIO 3L 2020--2020--11,2288,Olio EVO Blend BIO 3L 2020,Azienda Agricola Virzì,11,2020,novembre 2020,5,
"Olio EVO Primo Dop Monti Iblei 0,75L 2020--2020--11",2282,"Olio EVO Primo Dop Monti Iblei 0,75L 2020",Frantoi Cutrera SRL,11,2020,novembre 2020,25,
Olio d’oliva “BACIO DI DONNA” 2 L 2019--2020--11,3040,Olio d’oliva “BACIO DI DONNA” 2 L 2019,DA.MA. IGD S.R.L SOC.AGRICOLA,11,2020,novembre 2020,7,
"Olio EVO ""Zenia"" 3L BIO 2020--2020--11",2287,"Olio EVO ""Zenia"" 3L BIO 2020",Azienda agricola f.lli Mangano,11,2020,novembre 2020,23,
"Olio EVO ""L'olio di Licia"" BIO 3L 2020--2020--11",2273,"Olio EVO ""L'olio di Licia"" BIO 3L 2020",Azienda Agricola Licia Guccione,11,2020,novembre 2020,52,
Olio EVO Blend 5 L BIO 2020--2020--11,3004,Olio EVO Blend 5 L BIO 2020,Società Agricola Semplice Salsello,11,2020,novembre 2020,16,
"Olio EVO verdello BIO 0,5L 2020--2020--11",2279,"Olio EVO verdello BIO 0,5L 2020",Azienda Agricola Virzì,11,2020,novembre 2020,20,
"Olio extravergine di oliva  "" VERD’OLIVO NOVELLO"" 2020 1L--2020--11",2276,"Olio extravergine di oliva  "" VERD’OLIVO NOVELLO"" 2020 1L",Agrestis soc.Cooperativa Agricola,11,2020,novembre 2020,22,
"Olio extravergine di oliva ""NETTARIBLEO ORGANIC & DOP"" BIO 2020 1L--2020--11",2277,"Olio extravergine di oliva ""NETTARIBLEO ORGANIC & DOP"" BIO 2020 1L",Agrestis soc.Cooperativa Agricola,11,2020,novembre 2020,34,
"Olio EVO ""Zenia"" 1L BIO 2020--2020--11",2274,"Olio EVO ""Zenia"" 1L BIO 2020",Azienda agricola f.lli Mangano,11,2020,novembre 2020,71,
"Olio EVO ""Zenia"" 3L BIO 2020--2020--11",2287,"Olio EVO ""Zenia"" 3L BIO 2020",Azienda agricola f.lli Mangano,11,2020,novembre 2020,23,
"Olio EVO ""Zenia"" 5L BIO 2020--2020--11",2289,"Olio EVO ""Zenia"" 5L BIO 2020",Azienda agricola f.lli Mangano,11,2020,novembre 2020,10,
"Olio EVO ""L'olio di Licia"" BIO 1L 2020--2020--11",2272,"Olio EVO ""L'olio di Licia"" BIO 1L 2020",Azienda Agricola Licia Guccione,11,2020,novembre 2020,74,
"Olio EVO ""L'olio di Licia"" BIO 3L 2020--2020--11",2273,"Olio EVO ""L'olio di Licia"" BIO 3L 2020",Azienda Agricola Licia Guccione,11,2020,novembre 2020,52,
Olio EVO Blend BIO 1L 2019--2020--11,2108,Olio EVO Blend BIO 1L 2019,Azienda Agricola Virzì,11,2020,novembre 2020,3,
Olio EVO Blend BIO 1L 2020--2020--11,2278,Olio EVO Blend BIO 1L 2020,Azienda Agricola Virzì,11,2020,novembre 2020,72,
"Olio EVO verdello BIO 0,5L 2020--2020--11",2279,"Olio EVO verdello BIO 0,5L 2020",Azienda Agricola Virzì,11,2020,novembre 2020,20,
Olio EVO Blend BIO 3L 2020--2020--11,2288,Olio EVO Blend BIO 3L 2020,Azienda Agricola Virzì,11,2020,novembre 2020,5,
Olio Virzì EVO Blend BIO 5L 2020--2020--11,2290,Olio Virzì EVO Blend BIO 5L 2020,Azienda Agricola Virzì,11,2020,novembre 2020,4,
"Olio EVO Primo Dop Monti Iblei 0,75L 2020--2020--11",2282,"Olio EVO Primo Dop Monti Iblei 0,75L 2020",Frantoi Cutrera SRL,11,2020,novembre 2020,25,
Olio EVO Blend 5 L BIO 2020--2020--11,3004,Olio EVO Blend 5 L BIO 2020,Società Agricola Semplice Salsello,11,2020,novembre 2020,16,
"Olio EVO ""L'olio di Licia"" BIO 3L 2020--2020--11",2273,"Olio EVO ""L'olio di Licia"" BIO 3L 2020",Azienda Agricola Licia Guccione,11,2020,novembre 2020,52,
Olio EVO Blend 5 L BIO 2020--2020--11,3004,Olio EVO Blend 5 L BIO 2020,Società Agricola Semplice Salsello,11,2020,novembre 2020,16,
"Olio extravergine di oliva  "" VERD’OLIVO NOVELLO"" 2020 1L--2020--11",2276,"Olio extravergine di oliva  "" VERD’OLIVO NOVELLO"" 2020 1L",Agrestis soc.Cooperativa Agricola,11,2020,novembre 2020,22,
"Olio extravergine di oliva ""NETTARIBLEO ORGANIC & DOP"" BIO 2020 1L--2020--11",2277,"Olio extravergine di oliva ""NETTARIBLEO ORGANIC & DOP"" BIO 2020 1L",Agrestis soc.Cooperativa Agricola,11,2020,novembre 2020,34,
"Olio EVO ""Zenia"" 1L BIO 2020--2020--11",2274,"Olio EVO ""Zenia"" 1L BIO 2020",Azienda agricola f.lli Mangano,11,2020,novembre 2020,71,
"Olio EVO ""Zenia"" 750 ml BIO 2020--2020--11",2275,"Olio EVO ""Zenia"" 750 ml BIO 2020",Azienda agricola f.lli Mangano,11,2020,novembre 2020,3,
"Olio EVO ""Zenia"" 5L BIO 2020--2020--11",2289,"Olio EVO ""Zenia"" 5L BIO 2020",Azienda agricola f.lli Mangano,11,2020,novembre 2020,10,
"Olio EVO ""L'olio di Licia"" BIO 1L 2020--2020--11",2272,"Olio EVO ""L'olio di Licia"" BIO 1L 2020",Azienda Agricola Licia Guccione,11,2020,novembre 2020,74,
"Olio EVO ""L'olio di Licia"" BIO 3L 2020--2020--11",2273,"Olio EVO ""L'olio di Licia"" BIO 3L 2020",Azienda Agricola Licia Guccione,11,2020,novembre 2020,52,
Olio EVO Blend BIO 1L 2020--2020--11,2278,Olio EVO Blend BIO 1L 2020,Azienda Agricola Virzì,11,2020,novembre 2020,72,
"Olio EVO verdello BIO 0,5L 2020--2020--11",2279,"Olio EVO verdello BIO 0,5L 2020",Azienda Agricola Virzì,11,2020,novembre 2020,20,
Olio Virzì EVO Blend BIO 5L 2020--2020--11,2290,Olio Virzì EVO Blend BIO 5L 2020,Azienda Agricola Virzì,11,2020,novembre 2020,4,
"Olio EVO Primo Dop Monti Iblei 0,75L 2020--2020--11",2282,"Olio EVO Primo Dop Monti Iblei 0,75L 2020",Frantoi Cutrera SRL,11,2020,novembre 2020,25,
"Olio extravergine di oliva ""NETTARIBLEO ORGANIC & DOP"" BIO 2020 1L--2020--11",2277,"Olio extravergine di oliva ""NETTARIBLEO ORGANIC & DOP"" BIO 2020 1L",Agrestis soc.Cooperativa Agricola,11,2020,novembre 2020,34,
"Olio EVO ""Zenia"" 1L BIO 2020--2020--11",2274,"Olio EVO ""Zenia"" 1L BIO 2020",Azienda agricola f.lli Mangano,11,2020,novembre 2020,71,
"Olio EVO ""L'olio di Licia"" BIO 1L 2020--2020--11",2272,"Olio EVO ""L'olio di Licia"" BIO 1L 2020",Azienda Agricola Licia Guccione,11,2020,novembre 2020,74,
"Olio EVO ""L'olio di Licia"" BIO 1L 2020--2020--11",2272,"Olio EVO ""L'olio di Licia"" BIO 1L 2020",Azienda Agricola Licia Guccione,11,2020,novembre 2020,74,
"Olio extravergine di oliva ""NETTARIBLEO ORGANIC & DOP"" BIO 2020 1L--2020--11",2277,"Olio extravergine di oliva ""NETTARIBLEO ORGANIC & DOP"" BIO 2020 1L",Agrestis soc.Cooperativa Agricola,11,2020,novembre 2020,34,
"Olio EVO ""Zenia"" 3L BIO 2020--2020--11",2287,"Olio EVO ""Zenia"" 3L BIO 2020",Azienda agricola f.lli Mangano,11,2020,novembre 2020,23,
"Olio EVO ""L'olio di Licia"" BIO 3L 2020--2020--11",2273,"Olio EVO ""L'olio di Licia"" BIO 3L 2020",Azienda Agricola Licia Guccione,11,2020,novembre 2020,52,
"Olio EVO ""Zenia"" 750 ml BIO 2020--2020--12",2275,"Olio EVO ""Zenia"" 750 ml BIO 2020",Azienda agricola f.lli Mangano,12,2020,dicembre 2020,41,
"Olio EVO ""Zenia"" 3L BIO 2020--2020--12",2287,"Olio EVO ""Zenia"" 3L BIO 2020",Azienda agricola f.lli Mangano,12,2020,dicembre 2020,13,
"Olio EVO Gran Cru moresca 0,5L 2020--2020--12",2283,"Olio EVO Gran Cru moresca 0,5L 2020",Frantoi Cutrera SRL,12,2020,dicembre 2020,13,
"Olio extravergine di oliva ""Mille"" 2020 250 ml--2020--12",2284,"Olio extravergine di oliva ""Mille"" 2020 250 ml",Frantoi Cutrera SRL,12,2020,dicembre 2020,34,
"Olio extravergine di oliva  "" VERD’OLIVO NOVELLO"" 2020 1L--2020--12",2276,"Olio extravergine di oliva  "" VERD’OLIVO NOVELLO"" 2020 1L",Agrestis soc.Cooperativa Agricola,12,2020,dicembre 2020,32,
"Olio extravergine di oliva ""NETTARIBLEO ORGANIC & DOP"" BIO 2020 1L--2020--12",2277,"Olio extravergine di oliva ""NETTARIBLEO ORGANIC & DOP"" BIO 2020 1L",Agrestis soc.Cooperativa Agricola,12,2020,dicembre 2020,48,
"Olio EVO ""Zenia"" 1L BIO 2020--2020--12",2274,"Olio EVO ""Zenia"" 1L BIO 2020",Azienda agricola f.lli Mangano,12,2020,dicembre 2020,52,
"Olio EVO ""Zenia"" 750 ml BIO 2020--2020--12",2275,"Olio EVO ""Zenia"" 750 ml BIO 2020",Azienda agricola f.lli Mangano,12,2020,dicembre 2020,41,
"Olio EVO ""Zenia"" 3L BIO 2020--2020--12",2287,"Olio EVO ""Zenia"" 3L BIO 2020",Azienda agricola f.lli Mangano,12,2020,dicembre 2020,13,
"Olio EVO ""Zenia"" 5L BIO 2020--2020--12",2289,"Olio EVO ""Zenia"" 5L BIO 2020",Azienda agricola f.lli Mangano,12,2020,dicembre 2020,5,
"Olio EVO ""L'olio di Licia"" BIO 1L 2020--2020--12",2272,"Olio EVO ""L'olio di Licia"" BIO 1L 2020",Azienda Agricola Licia Guccione,12,2020,dicembre 2020,63,
"Olio EVO ""L'olio di Licia"" BIO 3L 2020--2020--12",2273,"Olio EVO ""L'olio di Licia"" BIO 3L 2020",Azienda Agricola Licia Guccione,12,2020,dicembre 2020,29,
Olio EVO Blend BIO 1L 2020--2020--12,2278,Olio EVO Blend BIO 1L 2020,Azienda Agricola Virzì,12,2020,dicembre 2020,35,
"Olio EVO verdello BIO 0,5L 2020--2020--12",2279,"Olio EVO verdello BIO 0,5L 2020",Azienda Agricola Virzì,12,2020,dicembre 2020,16,
Olio EVO Blend BIO 3L 2020--2020--12,2288,Olio EVO Blend BIO 3L 2020,Azienda Agricola Virzì,12,2020,dicembre 2020,9,
Olio Virzì EVO Blend BIO 5L 2020--2020--12,2290,Olio Virzì EVO Blend BIO 5L 2020,Azienda Agricola Virzì,12,2020,dicembre 2020,4,
"Olio EVO Primo Dop Monti Iblei 0,75L 2020--2020--12",2282,"Olio EVO Primo Dop Monti Iblei 0,75L 2020",Frantoi Cutrera SRL,12,2020,dicembre 2020,25,
"Olio EVO Gran Cru moresca 0,5L 2020--2020--12",2283,"Olio EVO Gran Cru moresca 0,5L 2020",Frantoi Cutrera SRL,12,2020,dicembre 2020,13,
"Olio extravergine di oliva ""Mille"" 2020 250 ml--2020--12",2284,"Olio extravergine di oliva ""Mille"" 2020 250 ml",Frantoi Cutrera SRL,12,2020,dicembre 2020,34,
"Olio EVO ""Zenia"" 750 ml BIO 2020--2020--12",2275,"Olio EVO ""Zenia"" 750 ml BIO 2020",Azienda agricola f.lli Mangano,12,2020,dicembre 2020,41,
Olio EVO Greco 2020 1 L BIO--2020--12,3063,Olio EVO Greco 2020 1 L BIO,Azienda Agricola Greco Società Agricola Semplice,12,2020,dicembre 2020,24,
"Olio EVO ""L'olio di Licia"" BIO 1L 2020--2020--12",2272,"Olio EVO ""L'olio di Licia"" BIO 1L 2020",Azienda Agricola Licia Guccione,12,2020,dicembre 2020,63,
"Olio EVO ""L'olio di Licia"" BIO 1L 2020--2020--12",2272,"Olio EVO ""L'olio di Licia"" BIO 1L 2020",Azienda Agricola Licia Guccione,12,2020,dicembre 2020,63,
"Olio EVO ""L'olio di Licia"" BIO 3L 2020--2020--12",2273,"Olio EVO ""L'olio di Licia"" BIO 3L 2020",Azienda Agricola Licia Guccione,12,2020,dicembre 2020,29,
"Olio extravergine di oliva ""NETTARIBLEO ORGANIC & DOP"" BIO 2020 1L--2020--12",2277,"Olio extravergine di oliva ""NETTARIBLEO ORGANIC & DOP"" BIO 2020 1L",Agrestis soc.Cooperativa Agricola,12,2020,dicembre 2020,48,
"Olio EVO ""Zenia"" 750 ml BIO 2020--2020--12",2275,"Olio EVO ""Zenia"" 750 ml BIO 2020",Azienda agricola f.lli Mangano,12,2020,dicembre 2020,41,
"Olio EVO ""Zenia"" 3L BIO 2020--2020--12",2287,"Olio EVO ""Zenia"" 3L BIO 2020",Azienda agricola f.lli Mangano,12,2020,dicembre 2020,13,
Olio EVO Greco 2020 1 L BIO--2020--12,3063,Olio EVO Greco 2020 1 L BIO,Azienda Agricola Greco Società Agricola Semplice,12,2020,dicembre 2020,24,
"Olio EVO ""L'olio di Licia"" BIO 1L 2020--2020--12",2272,"Olio EVO ""L'olio di Licia"" BIO 1L 2020",Azienda Agricola Licia Guccione,12,2020,dicembre 2020,63,
Olio EVO Blend BIO 1L 2020--2020--12,2278,Olio EVO Blend BIO 1L 2020,Azienda Agricola Virzì,12,2020,dicembre 2020,35,
"Olio EVO verdello BIO 0,5L 2020--2020--12",2279,"Olio EVO verdello BIO 0,5L 2020",Azienda Agricola Virzì,12,2020,dicembre 2020,16,
Olio EVO Blend BIO 3L 2020--2020--12,2288,Olio EVO Blend BIO 3L 2020,Azienda Agricola Virzì,12,2020,dicembre 2020,9,
"Olio extravergine di oliva  "" VERD’OLIVO NOVELLO"" 2020 1L--2020--12",2276,"Olio extravergine di oliva  "" VERD’OLIVO NOVELLO"" 2020 1L",Agrestis soc.Cooperativa Agricola,12,2020,dicembre 2020,32,
"Olio extravergine di oliva ""NETTARIBLEO ORGANIC & DOP"" BIO 2020 1L--2020--12",2277,"Olio extravergine di oliva ""NETTARIBLEO ORGANIC & DOP"" BIO 2020 1L",Agrestis soc.Cooperativa Agricola,12,2020,dicembre 2020,48,
"Olio EVO ""Zenia"" 1L BIO 2020--2020--12",2274,"Olio EVO ""Zenia"" 1L BIO 2020",Azienda agricola f.lli Mangano,12,2020,dicembre 2020,52,
"Olio EVO ""Zenia"" 750 ml BIO 2020--2020--12",2275,"Olio EVO ""Zenia"" 750 ml BIO 2020",Azienda agricola f.lli Mangano,12,2020,dicembre 2020,41,
"Olio EVO ""Zenia"" 3L BIO 2020--2020--12",2287,"Olio EVO ""Zenia"" 3L BIO 2020",Azienda agricola f.lli Mangano,12,2020,dicembre 2020,13,
"Olio EVO ""Zenia"" 5L BIO 2020--2020--12",2289,"Olio EVO ""Zenia"" 5L BIO 2020",Azienda agricola f.lli Mangano,12,2020,dicembre 2020,5,
"Olio EVO Greco 0,5 ML BIO 2020--2020--12",3061,"Olio EVO Greco 0,5 ML BIO 2020",Azienda Agricola Greco Società Agricola Semplice,12,2020,dicembre 2020,36,
Olio EVO Greco 3 L BIO 2020--2020--12,3062,Olio EVO Greco 3 L BIO 2020,Azienda Agricola Greco Società Agricola Semplice,12,2020,dicembre 2020,2,
Olio EVO Greco 2020 1 L BIO--2020--12,3063,Olio EVO Greco 2020 1 L BIO,Azienda Agricola Greco Società Agricola Semplice,12,2020,dicembre 2020,24,
"Olio EVO ""L'olio di Licia"" BIO 1L 2020--2020--12",2272,"Olio EVO ""L'olio di Licia"" BIO 1L 2020",Azienda Agricola Licia Guccione,12,2020,dicembre 2020,63,
"Olio EVO ""L'olio di Licia"" BIO 3L 2020--2020--12",2273,"Olio EVO ""L'olio di Licia"" BIO 3L 2020",Azienda Agricola Licia Guccione,12,2020,dicembre 2020,29,
"Olio EVO ""L'olio di Licia"" BIO 3L 2020--2020--12",2273,"Olio EVO ""L'olio di Licia"" BIO 3L 2020",Azienda Agricola Licia Guccione,12,2020,dicembre 2020,29,
Olio EVO Blend BIO 1L 2020--2020--12,2278,Olio EVO Blend BIO 1L 2020,Azienda Agricola Virzì,12,2020,dicembre 2020,35,
"Olio EVO verdello BIO 0,5L 2020--2020--12",2279,"Olio EVO verdello BIO 0,5L 2020",Azienda Agricola Virzì,12,2020,dicembre 2020,16,
Olio EVO Blend BIO 3L 2020--2020--12,2288,Olio EVO Blend BIO 3L 2020,Azienda Agricola Virzì,12,2020,dicembre 2020,9,
Olio Virzì EVO Blend BIO 5L 2020--2020--12,2290,Olio Virzì EVO Blend BIO 5L 2020,Azienda Agricola Virzì,12,2020,dicembre 2020,4,
"Olio EVO Primo Dop Monti Iblei 0,75L 2020--2020--12",2282,"Olio EVO Primo Dop Monti Iblei 0,75L 2020",Frantoi Cutrera SRL,12,2020,dicembre 2020,25,
"Olio EVO Primo Dop Monti Iblei 0,75L 2020--2020--12",2282,"Olio EVO Primo Dop Monti Iblei 0,75L 2020",Frantoi Cutrera SRL,12,2020,dicembre 2020,25,
"Olio EVO Gran Cru moresca 0,5L 2020--2020--12",2283,"Olio EVO Gran Cru moresca 0,5L 2020",Frantoi Cutrera SRL,12,2020,dicembre 2020,13,
"Olio extravergine di oliva ""Mille"" 2020 250 ml--2020--12",2284,"Olio extravergine di oliva ""Mille"" 2020 250 ml",Frantoi Cutrera SRL,12,2020,dicembre 2020,34,
Olio EVO Blend 5 L BIO 2020--2020--12,3004,Olio EVO Blend 5 L BIO 2020,Società Agricola Semplice Salsello,12,2020,dicembre 2020,1,
"Olio EVO Greco 0,5 ML BIO 2020--2020--12",3061,"Olio EVO Greco 0,5 ML BIO 2020",Azienda Agricola Greco Società Agricola Semplice,12,2020,dicembre 2020,36,
"Olio EVO ""Zenia"" 750 ml BIO 2020--2020--12",2275,"Olio EVO ""Zenia"" 750 ml BIO 2020",Azienda agricola f.lli Mangano,12,2020,dicembre 2020,41,
"Olio EVO ""L'olio di Licia"" BIO 3L 2020--2020--12",2273,"Olio EVO ""L'olio di Licia"" BIO 3L 2020",Azienda Agricola Licia Guccione,12,2020,dicembre 2020,29,
"Olio EVO ""Zenia"" 750 ml BIO 2020--2020--12",2275,"Olio EVO ""Zenia"" 750 ml BIO 2020",Azienda agricola f.lli Mangano,12,2020,dicembre 2020,41,
"Olio extravergine di oliva  "" VERD’OLIVO NOVELLO"" 2020 1L--2020--12",2276,"Olio extravergine di oliva  "" VERD’OLIVO NOVELLO"" 2020 1L",Agrestis soc.Cooperativa Agricola,12,2020,dicembre 2020,32,
"Olio extravergine di oliva ""NETTARIBLEO ORGANIC & DOP"" BIO 2020 1L--2020--12",2277,"Olio extravergine di oliva ""NETTARIBLEO ORGANIC & DOP"" BIO 2020 1L",Agrestis soc.Cooperativa Agricola,12,2020,dicembre 2020,48,
"Olio EVO ""Zenia"" 1L BIO 2020--2020--12",2274,"Olio EVO ""Zenia"" 1L BIO 2020",Azienda agricola f.lli Mangano,12,2020,dicembre 2020,52,
"Olio EVO ""Zenia"" 750 ml BIO 2020--2020--12",2275,"Olio EVO ""Zenia"" 750 ml BIO 2020",Azienda agricola f.lli Mangano,12,2020,dicembre 2020,41,
"Olio EVO ""Zenia"" 3L BIO 2020--2020--12",2287,"Olio EVO ""Zenia"" 3L BIO 2020",Azienda agricola f.lli Mangano,12,2020,dicembre 2020,13,
"Olio EVO Greco 0,5 ML BIO 2020--2020--12",3061,"Olio EVO Greco 0,5 ML BIO 2020",Azienda Agricola Greco Società Agricola Semplice,12,2020,dicembre 2020,36,
Olio EVO Greco 2020 1 L BIO--2020--12,3063,Olio EVO Greco 2020 1 L BIO,Azienda Agricola Greco Società Agricola Semplice,12,2020,dicembre 2020,24,
Olio EVO Greco 2020 1 L BIO--2020--12,3063,Olio EVO Greco 2020 1 L BIO,Azienda Agricola Greco Società Agricola Semplice,12,2020,dicembre 2020,24,
"Olio EVO ""L'olio di Licia"" BIO 1L 2020--2020--12",2272,"Olio EVO ""L'olio di Licia"" BIO 1L 2020",Azienda Agricola Licia Guccione,12,2020,dicembre 2020,63,
"Olio EVO ""L'olio di Licia"" BIO 1L 2020--2020--12",2272,"Olio EVO ""L'olio di Licia"" BIO 1L 2020",Azienda Agricola Licia Guccione,12,2020,dicembre 2020,63,
"Olio EVO ""L'olio di Licia"" BIO 1L 2020--2020--12",2272,"Olio EVO ""L'olio di Licia"" BIO 1L 2020",Azienda Agricola Licia Guccione,12,2020,dicembre 2020,63,
"Olio EVO ""L'olio di Licia"" BIO 1L 2020--2020--12",2272,"Olio EVO ""L'olio di Licia"" BIO 1L 2020",Azienda Agricola Licia Guccione,12,2020,dicembre 2020,63,
"Olio EVO ""L'olio di Licia"" BIO 3L 2020--2020--12",2273,"Olio EVO ""L'olio di Licia"" BIO 3L 2020",Azienda Agricola Licia Guccione,12,2020,dicembre 2020,29,
Olio EVO Blend BIO 1L 2020--2020--12,2278,Olio EVO Blend BIO 1L 2020,Azienda Agricola Virzì,12,2020,dicembre 2020,35,
"Olio EVO verdello BIO 0,5L 2020--2020--12",2279,"Olio EVO verdello BIO 0,5L 2020",Azienda Agricola Virzì,12,2020,dicembre 2020,16,
Olio EVO Blend BIO 3L 2020--2020--12,2288,Olio EVO Blend BIO 3L 2020,Azienda Agricola Virzì,12,2020,dicembre 2020,9,
Olio Virzì EVO Blend BIO 5L 2020--2020--12,2290,Olio Virzì EVO Blend BIO 5L 2020,Azienda Agricola Virzì,12,2020,dicembre 2020,4,
"Olio EVO Primo Dop Monti Iblei 0,75L 2020--2020--12",2282,"Olio EVO Primo Dop Monti Iblei 0,75L 2020",Frantoi Cutrera SRL,12,2020,dicembre 2020,25,
"Olio EVO Gran Cru moresca 0,5L 2020--2020--12",2283,"Olio EVO Gran Cru moresca 0,5L 2020",Frantoi Cutrera SRL,12,2020,dicembre 2020,13,
"Olio extravergine di oliva ""Mille"" 2020 250 ml--2020--12",2284,"Olio extravergine di oliva ""Mille"" 2020 250 ml",Frantoi Cutrera SRL,12,2020,dicembre 2020,34,
"Olio extravergine di oliva ""NETTARIBLEO ORGANIC & DOP"" BIO 2020 1L--2020--12",2277,"Olio extravergine di oliva ""NETTARIBLEO ORGANIC & DOP"" BIO 2020 1L",Agrestis soc.Cooperativa Agricola,12,2020,dicembre 2020,48,
"Olio EVO Greco 0,5 ML BIO 2020--2020--12",3061,"Olio EVO Greco 0,5 ML BIO 2020",Azienda Agricola Greco Società Agricola Semplice,12,2020,dicembre 2020,36,
"Olio EVO ""L'olio di Licia"" BIO 1L 2020--2020--12",2272,"Olio EVO ""L'olio di Licia"" BIO 1L 2020",Azienda Agricola Licia Guccione,12,2020,dicembre 2020,63,
"Olio EVO verdello BIO 0,5L 2020--2020--12",2279,"Olio EVO verdello BIO 0,5L 2020",Azienda Agricola Virzì,12,2020,dicembre 2020,16,
"Olio EVO Primo Dop Monti Iblei 0,75L 2020--2020--12",2282,"Olio EVO Primo Dop Monti Iblei 0,75L 2020",Frantoi Cutrera SRL,12,2020,dicembre 2020,25,
"Olio extravergine di oliva ""Mille"" 2020 250 ml--2020--12",2284,"Olio extravergine di oliva ""Mille"" 2020 250 ml",Frantoi Cutrera SRL,12,2020,dicembre 2020,34,
"Olio EVO Greco 0,5 ML BIO 2020--2020--12",3061,"Olio EVO Greco 0,5 ML BIO 2020",Azienda Agricola Greco Società Agricola Semplice,12,2020,dicembre 2020,36,
"Olio EVO Greco 0,5 ML BIO 2020--2021--1",3061,"Olio EVO Greco 0,5 ML BIO 2020",Azienda Agricola Greco Società Agricola Semplice,1,2021,gennaio 2021,23,
"Olio EVO ""Zenia"" 3L BIO 2020--2021--1",2287,"Olio EVO ""Zenia"" 3L BIO 2020",Azienda agricola f.lli Mangano,1,2021,gennaio 2021,4,
"Olio EVO ""L'olio di Licia"" BIO 3L 2020--2021--1",2273,"Olio EVO ""L'olio di Licia"" BIO 3L 2020",Azienda Agricola Licia Guccione,1,2021,gennaio 2021,11,
"Olio EVO verdello BIO 0,5L 2020--2021--1",2279,"Olio EVO verdello BIO 0,5L 2020",Azienda Agricola Virzì,1,2021,gennaio 2021,16,
"Olio extravergine di oliva  "" VERD’OLIVO NOVELLO"" 2020 1L--2021--1",2276,"Olio extravergine di oliva  "" VERD’OLIVO NOVELLO"" 2020 1L",Agrestis soc.Cooperativa Agricola,1,2021,gennaio 2021,19,
"Olio extravergine di oliva ""NETTARIBLEO ORGANIC & DOP"" BIO 2020 1L--2021--1",2277,"Olio extravergine di oliva ""NETTARIBLEO ORGANIC & DOP"" BIO 2020 1L",Agrestis soc.Cooperativa Agricola,1,2021,gennaio 2021,21,
"Olio EVO ""Zenia"" 1L BIO 2020--2021--1",2274,"Olio EVO ""Zenia"" 1L BIO 2020",Azienda agricola f.lli Mangano,1,2021,gennaio 2021,39,
"Olio EVO ""Zenia"" 750 ml BIO 2020--2021--1",2275,"Olio EVO ""Zenia"" 750 ml BIO 2020",Azienda agricola f.lli Mangano,1,2021,gennaio 2021,16,
"Olio EVO ""Zenia"" 5L BIO 2020--2021--1",2289,"Olio EVO ""Zenia"" 5L BIO 2020",Azienda agricola f.lli Mangano,1,2021,gennaio 2021,5,
"Olio EVO Greco 0,5 ML BIO 2020--2021--1",3061,"Olio EVO Greco 0,5 ML BIO 2020",Azienda Agricola Greco Società Agricola Semplice,1,2021,gennaio 2021,23,
Olio EVO Greco 2020 1 L BIO--2021--1,3063,Olio EVO Greco 2020 1 L BIO,Azienda Agricola Greco Società Agricola Semplice,1,2021,gennaio 2021,26,
"Olio EVO ""L'olio di Licia"" BIO 1L 2020--2021--1",2272,"Olio EVO ""L'olio di Licia"" BIO 1L 2020",Azienda Agricola Licia Guccione,1,2021,gennaio 2021,38,
"Olio EVO ""L'olio di Licia"" BIO 3L 2020--2021--1",2273,"Olio EVO ""L'olio di Licia"" BIO 3L 2020",Azienda Agricola Licia Guccione,1,2021,gennaio 2021,11,
Olio EVO Blend BIO 1L 2020--2021--1,2278,Olio EVO Blend BIO 1L 2020,Azienda Agricola Virzì,1,2021,gennaio 2021,32,
Olio Virzì EVO Blend BIO 5L 2020--2021--1,2290,Olio Virzì EVO Blend BIO 5L 2020,Azienda Agricola Virzì,1,2021,gennaio 2021,3,
"Olio EVO Primo Dop Monti Iblei 0,75L 2020--2021--1",2282,"Olio EVO Primo Dop Monti Iblei 0,75L 2020",Frantoi Cutrera SRL,1,2021,gennaio 2021,24,
"Olio EVO Gran Cru moresca 0,5L 2020--2021--1",2283,"Olio EVO Gran Cru moresca 0,5L 2020",Frantoi Cutrera SRL,1,2021,gennaio 2021,7,
"Olio extravergine di oliva ""Mille"" 2020 250 ml--2021--1",2284,"Olio extravergine di oliva ""Mille"" 2020 250 ml",Frantoi Cutrera SRL,1,2021,gennaio 2021,16,
Olio EVO Blend 5 L BIO 2020--2021--1,3004,Olio EVO Blend 5 L BIO 2020,Società Agricola Semplice Salsello,1,2021,gennaio 2021,3,
"Olio EVO Primo Dop Monti Iblei 0,75L 2020--2021--1",2282,"Olio EVO Primo Dop Monti Iblei 0,75L 2020",Frantoi Cutrera SRL,1,2021,gennaio 2021,24,
"Olio EVO ""L'olio di Licia"" BIO 1L 2020--2021--1",2272,"Olio EVO ""L'olio di Licia"" BIO 1L 2020",Azienda Agricola Licia Guccione,1,2021,gennaio 2021,38,
"Olio extravergine di oliva ""NETTARIBLEO ORGANIC & DOP"" BIO 2020 1L--2021--1",2277,"Olio extravergine di oliva ""NETTARIBLEO ORGANIC & DOP"" BIO 2020 1L",Agrestis soc.Cooperativa Agricola,1,2021,gennaio 2021,21,
"Olio EVO Greco 0,5 ML BIO 2020--2021--1",3061,"Olio EVO Greco 0,5 ML BIO 2020",Azienda Agricola Greco Società Agricola Semplice,1,2021,gennaio 2021,23,
"Olio EVO ""L'olio di Licia"" BIO 1L 2020--2021--1",2272,"Olio EVO ""L'olio di Licia"" BIO 1L 2020",Azienda Agricola Licia Guccione,1,2021,gennaio 2021,38,
Olio EVO Blend BIO 1L 2020--2021--1,2278,Olio EVO Blend BIO 1L 2020,Azienda Agricola Virzì,1,2021,gennaio 2021,32,
"Olio EVO verdello BIO 0,5L 2020--2021--1",2279,"Olio EVO verdello BIO 0,5L 2020",Azienda Agricola Virzì,1,2021,gennaio 2021,16,
"Olio extravergine di oliva  "" VERD’OLIVO NOVELLO"" 2020 1L--2021--1",2276,"Olio extravergine di oliva  "" VERD’OLIVO NOVELLO"" 2020 1L",Agrestis soc.Cooperativa Agricola,1,2021,gennaio 2021,19,
"Olio extravergine di oliva ""NETTARIBLEO ORGANIC & DOP"" BIO 2020 1L--2021--1",2277,"Olio extravergine di oliva ""NETTARIBLEO ORGANIC & DOP"" BIO 2020 1L",Agrestis soc.Cooperativa Agricola,1,2021,gennaio 2021,21,
"Olio EVO ""Zenia"" 1L BIO 2020--2021--1",2274,"Olio EVO ""Zenia"" 1L BIO 2020",Azienda agricola f.lli Mangano,1,2021,gennaio 2021,39,
"Olio EVO ""Zenia"" 750 ml BIO 2020--2021--1",2275,"Olio EVO ""Zenia"" 750 ml BIO 2020",Azienda agricola f.lli Mangano,1,2021,gennaio 2021,16,
"Olio EVO ""Zenia"" 5L BIO 2020--2021--1",2289,"Olio EVO ""Zenia"" 5L BIO 2020",Azienda agricola f.lli Mangano,1,2021,gennaio 2021,5,
"Olio EVO Greco 0,5 ML BIO 2020--2021--1",3061,"Olio EVO Greco 0,5 ML BIO 2020",Azienda Agricola Greco Società Agricola Semplice,1,2021,gennaio 2021,23,
Olio EVO Greco 2020 1 L BIO--2021--1,3063,Olio EVO Greco 2020 1 L BIO,Azienda Agricola Greco Società Agricola Semplice,1,2021,gennaio 2021,26,
"Olio EVO ""L'olio di Licia"" BIO 1L 2020--2021--1",2272,"Olio EVO ""L'olio di Licia"" BIO 1L 2020",Azienda Agricola Licia Guccione,1,2021,gennaio 2021,38,
"Olio EVO ""L'olio di Licia"" BIO 3L 2020--2021--1",2273,"Olio EVO ""L'olio di Licia"" BIO 3L 2020",Azienda Agricola Licia Guccione,1,2021,gennaio 2021,11,
Olio EVO Blend BIO 1L 2020--2021--1,2278,Olio EVO Blend BIO 1L 2020,Azienda Agricola Virzì,1,2021,gennaio 2021,32,
"Olio EVO verdello BIO 0,5L 2020--2021--1",2279,"Olio EVO verdello BIO 0,5L 2020",Azienda Agricola Virzì,1,2021,gennaio 2021,16,
"Olio EVO Primo Dop Monti Iblei 0,75L 2020--2021--1",2282,"Olio EVO Primo Dop Monti Iblei 0,75L 2020",Frantoi Cutrera SRL,1,2021,gennaio 2021,24,
"Olio EVO Gran Cru moresca 0,5L 2020--2021--1",2283,"Olio EVO Gran Cru moresca 0,5L 2020",Frantoi Cutrera SRL,1,2021,gennaio 2021,7,
"Olio EVO ""Zenia"" 750 ml BIO 2020--2021--1",2275,"Olio EVO ""Zenia"" 750 ml BIO 2020",Azienda agricola f.lli Mangano,1,2021,gennaio 2021,16,
"Olio EVO ""Zenia"" 3L BIO 2020--2021--1",2287,"Olio EVO ""Zenia"" 3L BIO 2020",Azienda agricola f.lli Mangano,1,2021,gennaio 2021,4,
"Olio EVO ""Zenia"" 1L BIO 2020--2021--1",2274,"Olio EVO ""Zenia"" 1L BIO 2020",Azienda agricola f.lli Mangano,1,2021,gennaio 2021,39,
"Olio EVO ""Zenia"" 750 ml BIO 2020--2021--1",2275,"Olio EVO ""Zenia"" 750 ml BIO 2020",Azienda agricola f.lli Mangano,1,2021,gennaio 2021,16,
Olio EVO Blend BIO 1L 2020--2021--1,2278,Olio EVO Blend BIO 1L 2020,Azienda Agricola Virzì,1,2021,gennaio 2021,32,
"Olio EVO verdello BIO 0,5L 2020--2021--1",2279,"Olio EVO verdello BIO 0,5L 2020",Azienda Agricola Virzì,1,2021,gennaio 2021,16,
"Olio EVO Gran Cru moresca 0,5L 2020--2021--1",2283,"Olio EVO Gran Cru moresca 0,5L 2020",Frantoi Cutrera SRL,1,2021,gennaio 2021,7,
"Olio EVO Primo Dop Monti Iblei 0,75L 2020--2021--1",2282,"Olio EVO Primo Dop Monti Iblei 0,75L 2020",Frantoi Cutrera SRL,1,2021,gennaio 2021,24,
"Olio extravergine di oliva  "" VERD’OLIVO NOVELLO"" 2020 1L--2021--1",2276,"Olio extravergine di oliva  "" VERD’OLIVO NOVELLO"" 2020 1L",Agrestis soc.Cooperativa Agricola,1,2021,gennaio 2021,19,
"Olio EVO ""Zenia"" 1L BIO 2020--2021--1",2274,"Olio EVO ""Zenia"" 1L BIO 2020",Azienda agricola f.lli Mangano,1,2021,gennaio 2021,39,
"Olio EVO ""Zenia"" 750 ml BIO 2020--2021--1",2275,"Olio EVO ""Zenia"" 750 ml BIO 2020",Azienda agricola f.lli Mangano,1,2021,gennaio 2021,16,
"Olio EVO ""Zenia"" 3L BIO 2020--2021--1",2287,"Olio EVO ""Zenia"" 3L BIO 2020",Azienda agricola f.lli Mangano,1,2021,gennaio 2021,4,
"Olio EVO ""Zenia"" 5L BIO 2020--2021--1",2289,"Olio EVO ""Zenia"" 5L BIO 2020",Azienda agricola f.lli Mangano,1,2021,gennaio 2021,5,
"Olio EVO Greco 0,5 ML BIO 2020--2021--1",3061,"Olio EVO Greco 0,5 ML BIO 2020",Azienda Agricola Greco Società Agricola Semplice,1,2021,gennaio 2021,23,
Olio EVO Greco 2020 1 L BIO--2021--1,3063,Olio EVO Greco 2020 1 L BIO,Azienda Agricola Greco Società Agricola Semplice,1,2021,gennaio 2021,26,
"Olio EVO ""L'olio di Licia"" BIO 1L 2020--2021--1",2272,"Olio EVO ""L'olio di Licia"" BIO 1L 2020",Azienda Agricola Licia Guccione,1,2021,gennaio 2021,38,
"Olio EVO ""L'olio di Licia"" BIO 3L 2020--2021--1",2273,"Olio EVO ""L'olio di Licia"" BIO 3L 2020",Azienda Agricola Licia Guccione,1,2021,gennaio 2021,11,
Olio EVO Blend BIO 1L 2020--2021--1,2278,Olio EVO Blend BIO 1L 2020,Azienda Agricola Virzì,1,2021,gennaio 2021,32,
"Olio EVO verdello BIO 0,5L 2020--2021--1",2279,"Olio EVO verdello BIO 0,5L 2020",Azienda Agricola Virzì,1,2021,gennaio 2021,16,
Olio Virzì EVO Blend BIO 5L 2020--2021--1,2290,Olio Virzì EVO Blend BIO 5L 2020,Azienda Agricola Virzì,1,2021,gennaio 2021,3,
"Olio EVO Gran Cru moresca 0,5L 2020--2021--1",2283,"Olio EVO Gran Cru moresca 0,5L 2020",Frantoi Cutrera SRL,1,2021,gennaio 2021,7,
"Olio extravergine di oliva ""Mille"" 2020 250 ml--2021--1",2284,"Olio extravergine di oliva ""Mille"" 2020 250 ml",Frantoi Cutrera SRL,1,2021,gennaio 2021,16,
"Olio EVO Primo Dop Monti Iblei 0,75L 2020--2021--1",2282,"Olio EVO Primo Dop Monti Iblei 0,75L 2020",Frantoi Cutrera SRL,1,2021,gennaio 2021,24,
Olio EVO Blend 5 L BIO 2020--2021--1,3004,Olio EVO Blend 5 L BIO 2020,Società Agricola Semplice Salsello,1,2021,gennaio 2021,3,
"Olio EVO ""L'olio di Licia"" BIO 1L 2020--2021--1",2272,"Olio EVO ""L'olio di Licia"" BIO 1L 2020",Azienda Agricola Licia Guccione,1,2021,gennaio 2021,38,
"Olio EVO Greco 0,5 ML BIO 2020--2021--1",3061,"Olio EVO Greco 0,5 ML BIO 2020",Azienda Agricola Greco Società Agricola Semplice,1,2021,gennaio 2021,23,
"Olio EVO ""L'olio di Licia"" BIO 3L 2020--2021--1",2273,"Olio EVO ""L'olio di Licia"" BIO 3L 2020",Azienda Agricola Licia Guccione,1,2021,gennaio 2021,11,
"Olio EVO verdello BIO 0,5L 2020--2021--1",2279,"Olio EVO verdello BIO 0,5L 2020",Azienda Agricola Virzì,1,2021,gennaio 2021,16,
"Olio EVO Greco 0,5 ML BIO 2020--2021--1",3061,"Olio EVO Greco 0,5 ML BIO 2020",Azienda Agricola Greco Società Agricola Semplice,1,2021,gennaio 2021,23,
Olio EVO Greco 2020 1 L BIO--2021--1,3063,Olio EVO Greco 2020 1 L BIO,Azienda Agricola Greco Società Agricola Semplice,1,2021,gennaio 2021,26,
"Olio EVO verdello BIO 0,5L 2020--2021--1",2279,"Olio EVO verdello BIO 0,5L 2020",Azienda Agricola Virzì,1,2021,gennaio 2021,16,
"Olio extravergine di oliva  "" VERD’OLIVO NOVELLO"" 2020 1L--2021--1",2276,"Olio extravergine di oliva  "" VERD’OLIVO NOVELLO"" 2020 1L",Agrestis soc.Cooperativa Agricola,1,2021,gennaio 2021,19,
"Olio extravergine di oliva ""NETTARIBLEO ORGANIC & DOP"" BIO 2020 1L--2021--1",2277,"Olio extravergine di oliva ""NETTARIBLEO ORGANIC & DOP"" BIO 2020 1L",Agrestis soc.Cooperativa Agricola,1,2021,gennaio 2021,21,
"Olio extravergine di oliva ""NETTARIBLEO ORGANIC & DOP"" BIO 2020 1L--2021--1",2277,"Olio extravergine di oliva ""NETTARIBLEO ORGANIC & DOP"" BIO 2020 1L",Agrestis soc.Cooperativa Agricola,1,2021,gennaio 2021,21,
"Olio EVO ""Zenia"" 1L BIO 2020--2021--1",2274,"Olio EVO ""Zenia"" 1L BIO 2020",Azienda agricola f.lli Mangano,1,2021,gennaio 2021,39,
"Olio EVO ""Zenia"" 750 ml BIO 2020--2021--1",2275,"Olio EVO ""Zenia"" 750 ml BIO 2020",Azienda agricola f.lli Mangano,1,2021,gennaio 2021,16,
"Olio EVO ""Zenia"" 5L BIO 2020--2021--1",2289,"Olio EVO ""Zenia"" 5L BIO 2020",Azienda agricola f.lli Mangano,1,2021,gennaio 2021,5,
"Olio EVO Greco 0,5 ML BIO 2020--2021--1",3061,"Olio EVO Greco 0,5 ML BIO 2020",Azienda Agricola Greco Società Agricola Semplice,1,2021,gennaio 2021,23,
"Olio EVO ""L'olio di Licia"" BIO 3L 2020--2021--1",2273,"Olio EVO ""L'olio di Licia"" BIO 3L 2020",Azienda Agricola Licia Guccione,1,2021,gennaio 2021,11,
"Olio EVO ""L'olio di Licia"" BIO 1L 2020--2021--1",2272,"Olio EVO ""L'olio di Licia"" BIO 1L 2020",Azienda Agricola Licia Guccione,1,2021,gennaio 2021,38,
"Olio EVO ""L'olio di Licia"" BIO 1L 2020--2021--1",2272,"Olio EVO ""L'olio di Licia"" BIO 1L 2020",Azienda Agricola Licia Guccione,1,2021,gennaio 2021,38,
Olio EVO Blend BIO 1L 2020--2021--1,2278,Olio EVO Blend BIO 1L 2020,Azienda Agricola Virzì,1,2021,gennaio 2021,32,
"Olio EVO verdello BIO 0,5L 2020--2021--1",2279,"Olio EVO verdello BIO 0,5L 2020",Azienda Agricola Virzì,1,2021,gennaio 2021,16,
Olio EVO Blend BIO 3L 2020--2021--1,2288,Olio EVO Blend BIO 3L 2020,Azienda Agricola Virzì,1,2021,gennaio 2021,1,
"Olio EVO Primo Dop Monti Iblei 0,75L 2020--2021--1",2282,"Olio EVO Primo Dop Monti Iblei 0,75L 2020",Frantoi Cutrera SRL,1,2021,gennaio 2021,24,
"Olio extravergine di oliva ""Mille"" 2020 250 ml--2021--1",2284,"Olio extravergine di oliva ""Mille"" 2020 250 ml",Frantoi Cutrera SRL,1,2021,gennaio 2021,16,
Olio Virzì EVO Blend BIO 5L 2020--2021--2,2290,Olio Virzì EVO Blend BIO 5L 2020,Azienda Agricola Virzì,2,2021,febbraio 2021,3,
"Olio EVO ""Zenia"" 3L BIO 2020--2021--2",2287,"Olio EVO ""Zenia"" 3L BIO 2020",Azienda agricola f.lli Mangano,2,2021,febbraio 2021,4,
"Olio EVO ""L'olio di Licia"" BIO 3L 2020--2021--2",2273,"Olio EVO ""L'olio di Licia"" BIO 3L 2020",Azienda Agricola Licia Guccione,2,2021,febbraio 2021,21,
"Olio EVO ""L'olio di Licia"" BIO 1L 2020--2021--2",2272,"Olio EVO ""L'olio di Licia"" BIO 1L 2020",Azienda Agricola Licia Guccione,2,2021,febbraio 2021,43,
"Olio extravergine di oliva  "" VERD’OLIVO NOVELLO"" 2020 1L--2021--2",2276,"Olio extravergine di oliva  "" VERD’OLIVO NOVELLO"" 2020 1L",Agrestis soc.Cooperativa Agricola,2,2021,febbraio 2021,21,
"Olio extravergine di oliva ""NETTARIBLEO ORGANIC & DOP"" BIO 2020 1L--2021--2",2277,"Olio extravergine di oliva ""NETTARIBLEO ORGANIC & DOP"" BIO 2020 1L",Agrestis soc.Cooperativa Agricola,2,2021,febbraio 2021,13,
"Olio EVO ""Zenia"" 1L BIO 2020--2021--2",2274,"Olio EVO ""Zenia"" 1L BIO 2020",Azienda agricola f.lli Mangano,2,2021,febbraio 2021,38,
"Olio EVO ""Zenia"" 750 ml BIO 2020--2021--2",2275,"Olio EVO ""Zenia"" 750 ml BIO 2020",Azienda agricola f.lli Mangano,2,2021,febbraio 2021,9,
"Olio EVO ""Zenia"" 3L BIO 2020--2021--2",2287,"Olio EVO ""Zenia"" 3L BIO 2020",Azienda agricola f.lli Mangano,2,2021,febbraio 2021,4,
"Olio EVO ""Zenia"" 5L BIO 2020--2021--2",2289,"Olio EVO ""Zenia"" 5L BIO 2020",Azienda agricola f.lli Mangano,2,2021,febbraio 2021,5,
"Olio EVO Greco 0,5 ML BIO 2020--2021--2",3061,"Olio EVO Greco 0,5 ML BIO 2020",Azienda Agricola Greco Società Agricola Semplice,2,2021,febbraio 2021,13,
Olio EVO Greco 3 L BIO 2020--2021--2,3062,Olio EVO Greco 3 L BIO 2020,Azienda Agricola Greco Società Agricola Semplice,2,2021,febbraio 2021,6,
Olio EVO Greco 2020 1 L BIO--2021--2,3063,Olio EVO Greco 2020 1 L BIO,Azienda Agricola Greco Società Agricola Semplice,2,2021,febbraio 2021,30,
"Olio EVO ""L'olio di Licia"" BIO 1L 2020--2021--2",2272,"Olio EVO ""L'olio di Licia"" BIO 1L 2020",Azienda Agricola Licia Guccione,2,2021,febbraio 2021,43,
"Olio EVO ""L'olio di Licia"" BIO 3L 2020--2021--2",2273,"Olio EVO ""L'olio di Licia"" BIO 3L 2020",Azienda Agricola Licia Guccione,2,2021,febbraio 2021,21,
Olio EVO Blend BIO 1L 2020--2021--2,2278,Olio EVO Blend BIO 1L 2020,Azienda Agricola Virzì,2,2021,febbraio 2021,31,
Olio EVO Blend BIO 1L 2020--2021--2,2278,Olio EVO Blend BIO 1L 2020,Azienda Agricola Virzì,2,2021,febbraio 2021,31,
"Olio EVO verdello BIO 0,5L 2020--2021--2",2279,"Olio EVO verdello BIO 0,5L 2020",Azienda Agricola Virzì,2,2021,febbraio 2021,11,
"Olio EVO Primo Dop Monti Iblei 0,75L 2020--2021--2",2282,"Olio EVO Primo Dop Monti Iblei 0,75L 2020",Frantoi Cutrera SRL,2,2021,febbraio 2021,10,
"Olio EVO Gran Cru moresca 0,5L 2020--2021--2",2283,"Olio EVO Gran Cru moresca 0,5L 2020",Frantoi Cutrera SRL,2,2021,febbraio 2021,10,
"Olio extravergine di oliva ""Mille"" 2020 250 ml--2021--2",2284,"Olio extravergine di oliva ""Mille"" 2020 250 ml",Frantoi Cutrera SRL,2,2021,febbraio 2021,19,
"Olio EVO ""L'olio di Licia"" BIO 3L 2020--2021--2",2273,"Olio EVO ""L'olio di Licia"" BIO 3L 2020",Azienda Agricola Licia Guccione,2,2021,febbraio 2021,21,
"Olio EVO ""Zenia"" 5L BIO 2020--2021--2",2289,"Olio EVO ""Zenia"" 5L BIO 2020",Azienda agricola f.lli Mangano,2,2021,febbraio 2021,5,
"Olio extravergine di oliva  "" VERD’OLIVO NOVELLO"" 2020 1L--2021--2",2276,"Olio extravergine di oliva  "" VERD’OLIVO NOVELLO"" 2020 1L",Agrestis soc.Cooperativa Agricola,2,2021,febbraio 2021,21,
"Olio extravergine di oliva ""NETTARIBLEO ORGANIC & DOP"" BIO 2020 1L--2021--2",2277,"Olio extravergine di oliva ""NETTARIBLEO ORGANIC & DOP"" BIO 2020 1L",Agrestis soc.Cooperativa Agricola,2,2021,febbraio 2021,13,
"Olio EVO ""Zenia"" 1L BIO 2020--2021--2",2274,"Olio EVO ""Zenia"" 1L BIO 2020",Azienda agricola f.lli Mangano,2,2021,febbraio 2021,38,
"Olio EVO ""Zenia"" 750 ml BIO 2020--2021--2",2275,"Olio EVO ""Zenia"" 750 ml BIO 2020",Azienda agricola f.lli Mangano,2,2021,febbraio 2021,9,
"Olio EVO ""Zenia"" 5L BIO 2020--2021--2",2289,"Olio EVO ""Zenia"" 5L BIO 2020",Azienda agricola f.lli Mangano,2,2021,febbraio 2021,5,
"Olio EVO Greco 0,5 ML BIO 2020--2021--2",3061,"Olio EVO Greco 0,5 ML BIO 2020",Azienda Agricola Greco Società Agricola Semplice,2,2021,febbraio 2021,13,
Olio EVO Greco 2020 1 L BIO--2021--2,3063,Olio EVO Greco 2020 1 L BIO,Azienda Agricola Greco Società Agricola Semplice,2,2021,febbraio 2021,30,
"Olio EVO ""L'olio di Licia"" BIO 1L 2020--2021--2",2272,"Olio EVO ""L'olio di Licia"" BIO 1L 2020",Azienda Agricola Licia Guccione,2,2021,febbraio 2021,43,
"Olio EVO ""L'olio di Licia"" BIO 3L 2020--2021--2",2273,"Olio EVO ""L'olio di Licia"" BIO 3L 2020",Azienda Agricola Licia Guccione,2,2021,febbraio 2021,21,
Olio EVO Blend BIO 1L 2020--2021--2,2278,Olio EVO Blend BIO 1L 2020,Azienda Agricola Virzì,2,2021,febbraio 2021,31,
"Olio EVO verdello BIO 0,5L 2020--2021--2",2279,"Olio EVO verdello BIO 0,5L 2020",Azienda Agricola Virzì,2,2021,febbraio 2021,11,
Olio Virzì EVO Blend BIO 5L 2020--2021--2,2290,Olio Virzì EVO Blend BIO 5L 2020,Azienda Agricola Virzì,2,2021,febbraio 2021,3,
"Olio EVO Primo Dop Monti Iblei 0,75L 2020--2021--2",2282,"Olio EVO Primo Dop Monti Iblei 0,75L 2020",Frantoi Cutrera SRL,2,2021,febbraio 2021,10,
"Olio EVO Primo Dop Monti Iblei 0,75L 2020--2021--2",2282,"Olio EVO Primo Dop Monti Iblei 0,75L 2020",Frantoi Cutrera SRL,2,2021,febbraio 2021,10,
"Olio EVO Gran Cru moresca 0,5L 2020--2021--2",2283,"Olio EVO Gran Cru moresca 0,5L 2020",Frantoi Cutrera SRL,2,2021,febbraio 2021,10,
"Olio extravergine di oliva ""Mille"" 2020 250 ml--2021--2",2284,"Olio extravergine di oliva ""Mille"" 2020 250 ml",Frantoi Cutrera SRL,2,2021,febbraio 2021,19,
Olio EVO Blend 5 L BIO 2020--2021--2,3004,Olio EVO Blend 5 L BIO 2020,Società Agricola Semplice Salsello,2,2021,febbraio 2021,9,
"Olio EVO ""L'olio di Licia"" BIO 3L 2020--2021--2",2273,"Olio EVO ""L'olio di Licia"" BIO 3L 2020",Azienda Agricola Licia Guccione,2,2021,febbraio 2021,21,
"Olio EVO ""L'olio di Licia"" BIO 3L 2020--2021--2",2273,"Olio EVO ""L'olio di Licia"" BIO 3L 2020",Azienda Agricola Licia Guccione,2,2021,febbraio 2021,21,
"Olio extravergine di oliva  "" VERD’OLIVO NOVELLO"" 2020 1L--2021--2",2276,"Olio extravergine di oliva  "" VERD’OLIVO NOVELLO"" 2020 1L",Agrestis soc.Cooperativa Agricola,2,2021,febbraio 2021,21,
"Olio extravergine di oliva  "" VERD’OLIVO NOVELLO"" 2020 1L--2021--2",2276,"Olio extravergine di oliva  "" VERD’OLIVO NOVELLO"" 2020 1L",Agrestis soc.Cooperativa Agricola,2,2021,febbraio 2021,21,
"Olio extravergine di oliva ""NETTARIBLEO ORGANIC & DOP"" BIO 2020 1L--2021--2",2277,"Olio extravergine di oliva ""NETTARIBLEO ORGANIC & DOP"" BIO 2020 1L",Agrestis soc.Cooperativa Agricola,2,2021,febbraio 2021,13,
"Olio EVO ""Zenia"" 1L BIO 2020--2021--2",2274,"Olio EVO ""Zenia"" 1L BIO 2020",Azienda agricola f.lli Mangano,2,2021,febbraio 2021,38,
"Olio EVO ""Zenia"" 750 ml BIO 2020--2021--2",2275,"Olio EVO ""Zenia"" 750 ml BIO 2020",Azienda agricola f.lli Mangano,2,2021,febbraio 2021,9,
"Olio EVO ""Zenia"" 3L BIO 2020--2021--2",2287,"Olio EVO ""Zenia"" 3L BIO 2020",Azienda agricola f.lli Mangano,2,2021,febbraio 2021,4,
"Olio EVO ""Zenia"" 5L BIO 2020--2021--2",2289,"Olio EVO ""Zenia"" 5L BIO 2020",Azienda agricola f.lli Mangano,2,2021,febbraio 2021,5,
"Olio EVO Greco 0,5 ML BIO 2020--2021--2",3061,"Olio EVO Greco 0,5 ML BIO 2020",Azienda Agricola Greco Società Agricola Semplice,2,2021,febbraio 2021,13,
Olio EVO Greco 3 L BIO 2020--2021--2,3062,Olio EVO Greco 3 L BIO 2020,Azienda Agricola Greco Società Agricola Semplice,2,2021,febbraio 2021,6,
Olio EVO Greco 3 L BIO 2020--2021--2,3062,Olio EVO Greco 3 L BIO 2020,Azienda Agricola Greco Società Agricola Semplice,2,2021,febbraio 2021,6,
Olio EVO Greco 2020 1 L BIO--2021--2,3063,Olio EVO Greco 2020 1 L BIO,Azienda Agricola Greco Società Agricola Semplice,2,2021,febbraio 2021,30,
"Olio EVO ""L'olio di Licia"" BIO 1L 2020--2021--2",2272,"Olio EVO ""L'olio di Licia"" BIO 1L 2020",Azienda Agricola Licia Guccione,2,2021,febbraio 2021,43,
"Olio EVO ""L'olio di Licia"" BIO 3L 2020--2021--2",2273,"Olio EVO ""L'olio di Licia"" BIO 3L 2020",Azienda Agricola Licia Guccione,2,2021,febbraio 2021,21,
Olio EVO Blend BIO 1L 2020--2021--2,2278,Olio EVO Blend BIO 1L 2020,Azienda Agricola Virzì,2,2021,febbraio 2021,31,
"Olio EVO verdello BIO 0,5L 2020--2021--2",2279,"Olio EVO verdello BIO 0,5L 2020",Azienda Agricola Virzì,2,2021,febbraio 2021,11,
Olio EVO Blend BIO 3L 2020--2021--2,2288,Olio EVO Blend BIO 3L 2020,Azienda Agricola Virzì,2,2021,febbraio 2021,2,
Olio Virzì EVO Blend BIO 5L 2020--2021--2,2290,Olio Virzì EVO Blend BIO 5L 2020,Azienda Agricola Virzì,2,2021,febbraio 2021,3,
"Olio EVO Gran Cru moresca 0,5L 2020--2021--2",2283,"Olio EVO Gran Cru moresca 0,5L 2020",Frantoi Cutrera SRL,2,2021,febbraio 2021,10,
Olio EVO Blend 5 L BIO 2020--2021--2,3004,Olio EVO Blend 5 L BIO 2020,Società Agricola Semplice Salsello,2,2021,febbraio 2021,9,
Olio EVO Blend 5 L BIO 2020--2021--2,3004,Olio EVO Blend 5 L BIO 2020,Società Agricola Semplice Salsello,2,2021,febbraio 2021,9,
"Olio EVO ""Zenia"" 1L BIO 2020--2021--2",2274,"Olio EVO ""Zenia"" 1L BIO 2020",Azienda agricola f.lli Mangano,2,2021,febbraio 2021,38,
"Olio EVO ""L'olio di Licia"" BIO 1L 2020--2021--2",2272,"Olio EVO ""L'olio di Licia"" BIO 1L 2020",Azienda Agricola Licia Guccione,2,2021,febbraio 2021,43,
"Olio EVO verdello BIO 0,5L 2020--2021--2",2279,"Olio EVO verdello BIO 0,5L 2020",Azienda Agricola Virzì,2,2021,febbraio 2021,11,
"Olio extravergine di oliva ""Mille"" 2020 250 ml--2021--2",2284,"Olio extravergine di oliva ""Mille"" 2020 250 ml",Frantoi Cutrera SRL,2,2021,febbraio 2021,19,
"Olio extravergine di oliva  "" VERD’OLIVO NOVELLO"" 2020 1L--2021--2",2276,"Olio extravergine di oliva  "" VERD’OLIVO NOVELLO"" 2020 1L",Agrestis soc.Cooperativa Agricola,2,2021,febbraio 2021,21,
"Olio extravergine di oliva ""NETTARIBLEO ORGANIC & DOP"" BIO 2020 1L--2021--2",2277,"Olio extravergine di oliva ""NETTARIBLEO ORGANIC & DOP"" BIO 2020 1L",Agrestis soc.Cooperativa Agricola,2,2021,febbraio 2021,13,
"Olio EVO ""Zenia"" 1L BIO 2020--2021--2",2274,"Olio EVO ""Zenia"" 1L BIO 2020",Azienda agricola f.lli Mangano,2,2021,febbraio 2021,38,
"Olio EVO ""Zenia"" 750 ml BIO 2020--2021--2",2275,"Olio EVO ""Zenia"" 750 ml BIO 2020",Azienda agricola f.lli Mangano,2,2021,febbraio 2021,9,
"Olio EVO Greco 0,5 ML BIO 2020--2021--2",3061,"Olio EVO Greco 0,5 ML BIO 2020",Azienda Agricola Greco Società Agricola Semplice,2,2021,febbraio 2021,13,
"Olio EVO Greco 0,5 ML BIO 2020--2021--2",3061,"Olio EVO Greco 0,5 ML BIO 2020",Azienda Agricola Greco Società Agricola Semplice,2,2021,febbraio 2021,13,
Olio EVO Greco 2020 1 L BIO--2021--2,3063,Olio EVO Greco 2020 1 L BIO,Azienda Agricola Greco Società Agricola Semplice,2,2021,febbraio 2021,30,
"Olio EVO ""L'olio di Licia"" BIO 1L 2020--2021--2",2272,"Olio EVO ""L'olio di Licia"" BIO 1L 2020",Azienda Agricola Licia Guccione,2,2021,febbraio 2021,43,
"Olio EVO ""L'olio di Licia"" BIO 3L 2020--2021--2",2273,"Olio EVO ""L'olio di Licia"" BIO 3L 2020",Azienda Agricola Licia Guccione,2,2021,febbraio 2021,21,
Olio EVO Blend BIO 1L 2020--2021--2,2278,Olio EVO Blend BIO 1L 2020,Azienda Agricola Virzì,2,2021,febbraio 2021,31,
"Olio EVO verdello BIO 0,5L 2020--2021--2",2279,"Olio EVO verdello BIO 0,5L 2020",Azienda Agricola Virzì,2,2021,febbraio 2021,11,
"Olio EVO Gran Cru moresca 0,5L 2020--2021--2",2283,"Olio EVO Gran Cru moresca 0,5L 2020",Frantoi Cutrera SRL,2,2021,febbraio 2021,10,
"Olio extravergine di oliva ""Mille"" 2020 250 ml--2021--2",2284,"Olio extravergine di oliva ""Mille"" 2020 250 ml",Frantoi Cutrera SRL,2,2021,febbraio 2021,19,
"Olio EVO ""Zenia"" 1L BIO 2020--2021--3",2274,"Olio EVO ""Zenia"" 1L BIO 2020",Azienda agricola f.lli Mangano,3,2021,marzo 2021,24,
"Olio EVO ""Zenia"" 750 ml BIO 2020--2021--3",2275,"Olio EVO ""Zenia"" 750 ml BIO 2020",Azienda agricola f.lli Mangano,3,2021,marzo 2021,67,
"Olio EVO ""Zenia"" 5L BIO 2020--2021--3",2289,"Olio EVO ""Zenia"" 5L BIO 2020",Azienda agricola f.lli Mangano,3,2021,marzo 2021,7,
"Olio EVO ""L'olio di Licia"" BIO 1L 2020--2021--3",2272,"Olio EVO ""L'olio di Licia"" BIO 1L 2020",Azienda Agricola Licia Guccione,3,2021,marzo 2021,34,
"Olio EVO Gran Cru moresca 0,5L 2020--2021--3",2283,"Olio EVO Gran Cru moresca 0,5L 2020",Frantoi Cutrera SRL,3,2021,marzo 2021,11,
"Olio extravergine di oliva ""Mille"" 2020 250 ml--2021--3",2284,"Olio extravergine di oliva ""Mille"" 2020 250 ml",Frantoi Cutrera SRL,3,2021,marzo 2021,19,
"Olio extravergine di oliva  "" VERD’OLIVO NOVELLO"" 2020 1L--2021--3",2276,"Olio extravergine di oliva  "" VERD’OLIVO NOVELLO"" 2020 1L",Agrestis soc.Cooperativa Agricola,3,2021,marzo 2021,21,
"Olio extravergine di oliva  "" VERD’OLIVO NOVELLO"" 2020 1L--2021--3",2276,"Olio extravergine di oliva  "" VERD’OLIVO NOVELLO"" 2020 1L",Agrestis soc.Cooperativa Agricola,3,2021,marzo 2021,21,
"Olio extravergine di oliva ""NETTARIBLEO ORGANIC & DOP"" BIO 2020 1L--2021--3",2277,"Olio extravergine di oliva ""NETTARIBLEO ORGANIC & DOP"" BIO 2020 1L",Agrestis soc.Cooperativa Agricola,3,2021,marzo 2021,36,
"Olio EVO ""Zenia"" 1L BIO 2020--2021--3",2274,"Olio EVO ""Zenia"" 1L BIO 2020",Azienda agricola f.lli Mangano,3,2021,marzo 2021,24,
"Olio EVO ""Zenia"" 750 ml BIO 2020--2021--3",2275,"Olio EVO ""Zenia"" 750 ml BIO 2020",Azienda agricola f.lli Mangano,3,2021,marzo 2021,67,
"Olio EVO ""Zenia"" 3L BIO 2020--2021--3",2287,"Olio EVO ""Zenia"" 3L BIO 2020",Azienda agricola f.lli Mangano,3,2021,marzo 2021,12,
"Olio EVO ""Zenia"" 5L BIO 2020--2021--3",2289,"Olio EVO ""Zenia"" 5L BIO 2020",Azienda agricola f.lli Mangano,3,2021,marzo 2021,7,
"Olio EVO Greco 0,5 ML BIO 2020--2021--3",3061,"Olio EVO Greco 0,5 ML BIO 2020",Azienda Agricola Greco Società Agricola Semplice,3,2021,marzo 2021,19,
Olio EVO Greco 2020 1 L BIO--2021--3,3063,Olio EVO Greco 2020 1 L BIO,Azienda Agricola Greco Società Agricola Semplice,3,2021,marzo 2021,26,
"Olio EVO ""L'olio di Licia"" BIO 1L 2020--2021--3",2272,"Olio EVO ""L'olio di Licia"" BIO 1L 2020",Azienda Agricola Licia Guccione,3,2021,marzo 2021,34,
"Olio EVO ""L'olio di Licia"" BIO 3L 2020--2021--3",2273,"Olio EVO ""L'olio di Licia"" BIO 3L 2020",Azienda Agricola Licia Guccione,3,2021,marzo 2021,22,
"Olio EVO ""L'olio di Licia"" BIO 3L 2020--2021--3",2273,"Olio EVO ""L'olio di Licia"" BIO 3L 2020",Azienda Agricola Licia Guccione,3,2021,marzo 2021,22,
Olio EVO Blend BIO 1L 2020--2021--3,2278,Olio EVO Blend BIO 1L 2020,Azienda Agricola Virzì,3,2021,marzo 2021,20,
"Olio EVO Primo Dop Monti Iblei 0,75L 2020--2021--3",2282,"Olio EVO Primo Dop Monti Iblei 0,75L 2020",Frantoi Cutrera SRL,3,2021,marzo 2021,9,
"Olio extravergine di oliva ""Mille"" 2020 250 ml--2021--3",2284,"Olio extravergine di oliva ""Mille"" 2020 250 ml",Frantoi Cutrera SRL,3,2021,marzo 2021,19,
"Olio extravergine di oliva ""NETTARIBLEO ORGANIC & DOP"" BIO 2020 1L--2021--3",2277,"Olio extravergine di oliva ""NETTARIBLEO ORGANIC & DOP"" BIO 2020 1L",Agrestis soc.Cooperativa Agricola,3,2021,marzo 2021,36,
"Olio EVO Greco 0,5 ML BIO 2020--2021--3",3061,"Olio EVO Greco 0,5 ML BIO 2020",Azienda Agricola Greco Società Agricola Semplice,3,2021,marzo 2021,19,
"Olio EVO ""L'olio di Licia"" BIO 1L 2020--2021--3",2272,"Olio EVO ""L'olio di Licia"" BIO 1L 2020",Azienda Agricola Licia Guccione,3,2021,marzo 2021,34,
"Olio extravergine di oliva ""Mille"" 2020 250 ml--2021--3",2284,"Olio extravergine di oliva ""Mille"" 2020 250 ml",Frantoi Cutrera SRL,3,2021,marzo 2021,19,
"Olio extravergine di oliva  "" VERD’OLIVO NOVELLO"" 2020 1L--2021--3",2276,"Olio extravergine di oliva  "" VERD’OLIVO NOVELLO"" 2020 1L",Agrestis soc.Cooperativa Agricola,3,2021,marzo 2021,21,
"Olio extravergine di oliva ""NETTARIBLEO ORGANIC & DOP"" BIO 2020 1L--2021--3",2277,"Olio extravergine di oliva ""NETTARIBLEO ORGANIC & DOP"" BIO 2020 1L",Agrestis soc.Cooperativa Agricola,3,2021,marzo 2021,36,
"Olio extravergine di oliva ""NETTARIBLEO ORGANIC & DOP"" BIO 2020 1L--2021--3",2277,"Olio extravergine di oliva ""NETTARIBLEO ORGANIC & DOP"" BIO 2020 1L",Agrestis soc.Cooperativa Agricola,3,2021,marzo 2021,36,
"Olio EVO ""Zenia"" 1L BIO 2020--2021--3",2274,"Olio EVO ""Zenia"" 1L BIO 2020",Azienda agricola f.lli Mangano,3,2021,marzo 2021,24,
"Olio EVO ""Zenia"" 750 ml BIO 2020--2021--3",2275,"Olio EVO ""Zenia"" 750 ml BIO 2020",Azienda agricola f.lli Mangano,3,2021,marzo 2021,67,
"Olio EVO ""Zenia"" 3L BIO 2020--2021--3",2287,"Olio EVO ""Zenia"" 3L BIO 2020",Azienda agricola f.lli Mangano,3,2021,marzo 2021,12,
"Olio EVO ""Zenia"" 5L BIO 2020--2021--3",2289,"Olio EVO ""Zenia"" 5L BIO 2020",Azienda agricola f.lli Mangano,3,2021,marzo 2021,7,
"Olio EVO Greco 0,5 ML BIO 2020--2021--3",3061,"Olio EVO Greco 0,5 ML BIO 2020",Azienda Agricola Greco Società Agricola Semplice,3,2021,marzo 2021,19,
Olio EVO Greco 2020 1 L BIO--2021--3,3063,Olio EVO Greco 2020 1 L BIO,Azienda Agricola Greco Società Agricola Semplice,3,2021,marzo 2021,26,
"Olio EVO ""L'olio di Licia"" BIO 1L 2020--2021--3",2272,"Olio EVO ""L'olio di Licia"" BIO 1L 2020",Azienda Agricola Licia Guccione,3,2021,marzo 2021,34,
"Olio EVO ""L'olio di Licia"" BIO 3L 2020--2021--3",2273,"Olio EVO ""L'olio di Licia"" BIO 3L 2020",Azienda Agricola Licia Guccione,3,2021,marzo 2021,22,
Olio EVO Blend BIO 1L 2020--2021--3,2278,Olio EVO Blend BIO 1L 2020,Azienda Agricola Virzì,3,2021,marzo 2021,20,
Olio EVO Blend BIO 1L 2020--2021--3,2278,Olio EVO Blend BIO 1L 2020,Azienda Agricola Virzì,3,2021,marzo 2021,20,
"Olio EVO verdello BIO 0,5L 2020--2021--3",2279,"Olio EVO verdello BIO 0,5L 2020",Azienda Agricola Virzì,3,2021,marzo 2021,10,
Olio EVO Blend BIO 3L 2020--2021--3,2288,Olio EVO Blend BIO 3L 2020,Azienda Agricola Virzì,3,2021,marzo 2021,3,
Olio EVO Blend BIO 3L 2020--2021--3,2288,Olio EVO Blend BIO 3L 2020,Azienda Agricola Virzì,3,2021,marzo 2021,3,
Olio Virzì EVO Blend BIO 5L 2020--2021--3,2290,Olio Virzì EVO Blend BIO 5L 2020,Azienda Agricola Virzì,3,2021,marzo 2021,2,
"Olio EVO Primo Dop Monti Iblei 0,75L 2020--2021--3",2282,"Olio EVO Primo Dop Monti Iblei 0,75L 2020",Frantoi Cutrera SRL,3,2021,marzo 2021,9,
"Olio EVO Gran Cru moresca 0,5L 2020--2021--3",2283,"Olio EVO Gran Cru moresca 0,5L 2020",Frantoi Cutrera SRL,3,2021,marzo 2021,11,
"Olio extravergine di oliva ""Mille"" 2020 250 ml--2021--3",2284,"Olio extravergine di oliva ""Mille"" 2020 250 ml",Frantoi Cutrera SRL,3,2021,marzo 2021,19,
"Olio EVO ""Zenia"" 750 ml BIO 2020--2021--3",2275,"Olio EVO ""Zenia"" 750 ml BIO 2020",Azienda agricola f.lli Mangano,3,2021,marzo 2021,67,
"Olio EVO ""Zenia"" 5L BIO 2020--2021--3",2289,"Olio EVO ""Zenia"" 5L BIO 2020",Azienda agricola f.lli Mangano,3,2021,marzo 2021,7,
"Olio EVO ""L'olio di Licia"" BIO 3L 2020--2021--3",2273,"Olio EVO ""L'olio di Licia"" BIO 3L 2020",Azienda Agricola Licia Guccione,3,2021,marzo 2021,22,
"Olio EVO ""L'olio di Licia"" BIO 3L 2020--2021--3",2273,"Olio EVO ""L'olio di Licia"" BIO 3L 2020",Azienda Agricola Licia Guccione,3,2021,marzo 2021,22,
"Olio EVO ""L'olio di Licia"" BIO 1L 2020--2021--3",2272,"Olio EVO ""L'olio di Licia"" BIO 1L 2020",Azienda Agricola Licia Guccione,3,2021,marzo 2021,34,
"Olio EVO ""L'olio di Licia"" BIO 3L 2020--2021--3",2273,"Olio EVO ""L'olio di Licia"" BIO 3L 2020",Azienda Agricola Licia Guccione,3,2021,marzo 2021,22,
"Olio extravergine di oliva  "" VERD’OLIVO NOVELLO"" 2020 1L--2021--3",2276,"Olio extravergine di oliva  "" VERD’OLIVO NOVELLO"" 2020 1L",Agrestis soc.Cooperativa Agricola,3,2021,marzo 2021,21,
"Olio extravergine di oliva ""NETTARIBLEO ORGANIC & DOP"" BIO 2020 1L--2021--3",2277,"Olio extravergine di oliva ""NETTARIBLEO ORGANIC & DOP"" BIO 2020 1L",Agrestis soc.Cooperativa Agricola,3,2021,marzo 2021,36,
"Olio EVO ""Zenia"" 1L BIO 2020--2021--3",2274,"Olio EVO ""Zenia"" 1L BIO 2020",Azienda agricola f.lli Mangano,3,2021,marzo 2021,24,
"Olio EVO ""Zenia"" 750 ml BIO 2020--2021--3",2275,"Olio EVO ""Zenia"" 750 ml BIO 2020",Azienda agricola f.lli Mangano,3,2021,marzo 2021,67,
"Olio EVO ""Zenia"" 3L BIO 2020--2021--3",2287,"Olio EVO ""Zenia"" 3L BIO 2020",Azienda agricola f.lli Mangano,3,2021,marzo 2021,12,
"Olio EVO ""Zenia"" 5L BIO 2020--2021--3",2289,"Olio EVO ""Zenia"" 5L BIO 2020",Azienda agricola f.lli Mangano,3,2021,marzo 2021,7,
"Olio EVO Greco 0,5 ML BIO 2020--2021--3",3061,"Olio EVO Greco 0,5 ML BIO 2020",Azienda Agricola Greco Società Agricola Semplice,3,2021,marzo 2021,19,
Olio EVO Greco 3 L BIO 2020--2021--3,3062,Olio EVO Greco 3 L BIO 2020,Azienda Agricola Greco Società Agricola Semplice,3,2021,marzo 2021,7,
Olio EVO Greco 2020 1 L BIO--2021--3,3063,Olio EVO Greco 2020 1 L BIO,Azienda Agricola Greco Società Agricola Semplice,3,2021,marzo 2021,26,
"Olio EVO ""L'olio di Licia"" BIO 1L 2020--2021--3",2272,"Olio EVO ""L'olio di Licia"" BIO 1L 2020",Azienda Agricola Licia Guccione,3,2021,marzo 2021,34,
"Olio EVO ""L'olio di Licia"" BIO 3L 2020--2021--3",2273,"Olio EVO ""L'olio di Licia"" BIO 3L 2020",Azienda Agricola Licia Guccione,3,2021,marzo 2021,22,
"Olio EVO ""L'olio di Licia"" BIO 3L 2020--2021--3",2273,"Olio EVO ""L'olio di Licia"" BIO 3L 2020",Azienda Agricola Licia Guccione,3,2021,marzo 2021,22,
Olio EVO Blend BIO 1L 2020--2021--3,2278,Olio EVO Blend BIO 1L 2020,Azienda Agricola Virzì,3,2021,marzo 2021,20,
"Olio EVO verdello BIO 0,5L 2020--2021--3",2279,"Olio EVO verdello BIO 0,5L 2020",Azienda Agricola Virzì,3,2021,marzo 2021,10,
Olio EVO Blend BIO 3L 2020--2021--3,2288,Olio EVO Blend BIO 3L 2020,Azienda Agricola Virzì,3,2021,marzo 2021,3,
"Olio EVO Gran Cru moresca 0,5L 2020--2021--3",2283,"Olio EVO Gran Cru moresca 0,5L 2020",Frantoi Cutrera SRL,3,2021,marzo 2021,11,
"Olio extravergine di oliva ""Mille"" 2020 250 ml--2021--3",2284,"Olio extravergine di oliva ""Mille"" 2020 250 ml",Frantoi Cutrera SRL,3,2021,marzo 2021,19,
"Olio extravergine di oliva  "" VERD’OLIVO NOVELLO"" 2020 1L--2021--3",2276,"Olio extravergine di oliva  "" VERD’OLIVO NOVELLO"" 2020 1L",Agrestis soc.Cooperativa Agricola,3,2021,marzo 2021,21,
"Olio extravergine di oliva  "" VERD’OLIVO NOVELLO"" 2020 1L--2021--3",2276,"Olio extravergine di oliva  "" VERD’OLIVO NOVELLO"" 2020 1L",Agrestis soc.Cooperativa Agricola,3,2021,marzo 2021,21,
"Olio extravergine di oliva ""NETTARIBLEO ORGANIC & DOP"" BIO 2020 1L--2021--3",2277,"Olio extravergine di oliva ""NETTARIBLEO ORGANIC & DOP"" BIO 2020 1L",Agrestis soc.Cooperativa Agricola,3,2021,marzo 2021,36,
"Olio extravergine di oliva ""NETTARIBLEO ORGANIC & DOP"" BIO 2020 1L--2021--3",2277,"Olio extravergine di oliva ""NETTARIBLEO ORGANIC & DOP"" BIO 2020 1L",Agrestis soc.Cooperativa Agricola,3,2021,marzo 2021,36,
"Olio EVO ""Zenia"" 1L BIO 2020--2021--3",2274,"Olio EVO ""Zenia"" 1L BIO 2020",Azienda agricola f.lli Mangano,3,2021,marzo 2021,24,
"Olio EVO ""Zenia"" 750 ml BIO 2020--2021--3",2275,"Olio EVO ""Zenia"" 750 ml BIO 2020",Azienda agricola f.lli Mangano,3,2021,marzo 2021,67,
"Olio EVO ""Zenia"" 3L BIO 2020--2021--3",2287,"Olio EVO ""Zenia"" 3L BIO 2020",Azienda agricola f.lli Mangano,3,2021,marzo 2021,12,
"Olio EVO ""Zenia"" 5L BIO 2020--2021--3",2289,"Olio EVO ""Zenia"" 5L BIO 2020",Azienda agricola f.lli Mangano,3,2021,marzo 2021,7,
"Olio EVO Greco 0,5 ML BIO 2020--2021--3",3061,"Olio EVO Greco 0,5 ML BIO 2020",Azienda Agricola Greco Società Agricola Semplice,3,2021,marzo 2021,19,
Olio EVO Greco 3 L BIO 2020--2021--3,3062,Olio EVO Greco 3 L BIO 2020,Azienda Agricola Greco Società Agricola Semplice,3,2021,marzo 2021,7,
Olio EVO Greco 2020 1 L BIO--2021--3,3063,Olio EVO Greco 2020 1 L BIO,Azienda Agricola Greco Società Agricola Semplice,3,2021,marzo 2021,26,
"Olio EVO ""L'olio di Licia"" BIO 1L 2020--2021--3",2272,"Olio EVO ""L'olio di Licia"" BIO 1L 2020",Azienda Agricola Licia Guccione,3,2021,marzo 2021,34,
"Olio EVO ""L'olio di Licia"" BIO 3L 2020--2021--3",2273,"Olio EVO ""L'olio di Licia"" BIO 3L 2020",Azienda Agricola Licia Guccione,3,2021,marzo 2021,22,
"Olio EVO ""L'olio di Licia"" BIO 3L 2020--2021--3",2273,"Olio EVO ""L'olio di Licia"" BIO 3L 2020",Azienda Agricola Licia Guccione,3,2021,marzo 2021,22,
Olio EVO Blend BIO 1L 2020--2021--3,2278,Olio EVO Blend BIO 1L 2020,Azienda Agricola Virzì,3,2021,marzo 2021,20,
"Olio EVO verdello BIO 0,5L 2020--2021--3",2279,"Olio EVO verdello BIO 0,5L 2020",Azienda Agricola Virzì,3,2021,marzo 2021,10,
Olio Virzì EVO Blend BIO 5L 2020--2021--3,2290,Olio Virzì EVO Blend BIO 5L 2020,Azienda Agricola Virzì,3,2021,marzo 2021,2,
"Olio EVO Primo Dop Monti Iblei 0,75L 2020--2021--3",2282,"Olio EVO Primo Dop Monti Iblei 0,75L 2020",Frantoi Cutrera SRL,3,2021,marzo 2021,9,
"Olio EVO Gran Cru moresca 0,5L 2020--2021--3",2283,"Olio EVO Gran Cru moresca 0,5L 2020",Frantoi Cutrera SRL,3,2021,marzo 2021,11,
"Olio extravergine di oliva ""Mille"" 2020 250 ml--2021--3",2284,"Olio extravergine di oliva ""Mille"" 2020 250 ml",Frantoi Cutrera SRL,3,2021,marzo 2021,19,
"Olio EVO ""Zenia"" 1L BIO 2020--2021--3",2274,"Olio EVO ""Zenia"" 1L BIO 2020",Azienda agricola f.lli Mangano,3,2021,marzo 2021,24,
"Olio EVO ""Zenia"" 5L BIO 2020--2021--3",2289,"Olio EVO ""Zenia"" 5L BIO 2020",Azienda agricola f.lli Mangano,3,2021,marzo 2021,7,
"Olio EVO ""L'olio di Licia"" BIO 3L 2020--2021--3",2273,"Olio EVO ""L'olio di Licia"" BIO 3L 2020",Azienda Agricola Licia Guccione,3,2021,marzo 2021,22,
"Olio EVO ""L'olio di Licia"" BIO 1L 2020--2021--3",2272,"Olio EVO ""L'olio di Licia"" BIO 1L 2020",Azienda Agricola Licia Guccione,3,2021,marzo 2021,34,
"Olio EVO ""L'olio di Licia"" BIO 3L 2020--2021--3",2273,"Olio EVO ""L'olio di Licia"" BIO 3L 2020",Azienda Agricola Licia Guccione,3,2021,marzo 2021,22,
Olio EVO Blend 5 L BIO 2020--2021--3,3004,Olio EVO Blend 5 L BIO 2020,Società Agricola Semplice Salsello,3,2021,marzo 2021,1,
"Olio EVO ""Zenia"" 3L BIO 2020--2021--4",2287,"Olio EVO ""Zenia"" 3L BIO 2020",Azienda agricola f.lli Mangano,4,2021,aprile 2021,6,
"Olio EVO Greco 0,5 ML BIO 2020--2021--4",3061,"Olio EVO Greco 0,5 ML BIO 2020",Azienda Agricola Greco Società Agricola Semplice,4,2021,aprile 2021,13,
"Olio EVO ""L'olio di Licia"" BIO 3L 2020--2021--4",2273,"Olio EVO ""L'olio di Licia"" BIO 3L 2020",Azienda Agricola Licia Guccione,4,2021,aprile 2021,14,
"Olio EVO ""L'olio di Licia"" BIO 3L 2020--2021--4",2273,"Olio EVO ""L'olio di Licia"" BIO 3L 2020",Azienda Agricola Licia Guccione,4,2021,aprile 2021,14,
"Olio EVO Greco 0,5 ML BIO 2020--2021--4",3061,"Olio EVO Greco 0,5 ML BIO 2020",Azienda Agricola Greco Società Agricola Semplice,4,2021,aprile 2021,13,
"Olio EVO ""L'olio di Licia"" BIO 1L 2020--2021--4",2272,"Olio EVO ""L'olio di Licia"" BIO 1L 2020",Azienda Agricola Licia Guccione,4,2021,aprile 2021,34,
"Olio EVO ""L'olio di Licia"" BIO 1L 2020--2021--4",2272,"Olio EVO ""L'olio di Licia"" BIO 1L 2020",Azienda Agricola Licia Guccione,4,2021,aprile 2021,34,
"Olio extravergine di oliva ""Mille"" 2020 250 ml--2021--4",2284,"Olio extravergine di oliva ""Mille"" 2020 250 ml",Frantoi Cutrera SRL,4,2021,aprile 2021,7,
"Olio extravergine di oliva  "" VERD’OLIVO NOVELLO"" 2020 1L--2021--4",2276,"Olio extravergine di oliva  "" VERD’OLIVO NOVELLO"" 2020 1L",Agrestis soc.Cooperativa Agricola,4,2021,aprile 2021,12,
"Olio extravergine di oliva ""NETTARIBLEO ORGANIC & DOP"" BIO 2020 1L--2021--4",2277,"Olio extravergine di oliva ""NETTARIBLEO ORGANIC & DOP"" BIO 2020 1L",Agrestis soc.Cooperativa Agricola,4,2021,aprile 2021,18,
"Olio EVO ""Zenia"" 1L BIO 2020--2021--4",2274,"Olio EVO ""Zenia"" 1L BIO 2020",Azienda agricola f.lli Mangano,4,2021,aprile 2021,30,
"Olio EVO ""Zenia"" 750 ml BIO 2020--2021--4",2275,"Olio EVO ""Zenia"" 750 ml BIO 2020",Azienda agricola f.lli Mangano,4,2021,aprile 2021,9,
"Olio EVO Greco 0,5 ML BIO 2020--2021--4",3061,"Olio EVO Greco 0,5 ML BIO 2020",Azienda Agricola Greco Società Agricola Semplice,4,2021,aprile 2021,13,
Olio EVO Greco 2020 1 L BIO--2021--4,3063,Olio EVO Greco 2020 1 L BIO,Azienda Agricola Greco Società Agricola Semplice,4,2021,aprile 2021,17,
"Olio EVO ""L'olio di Licia"" BIO 1L 2020--2021--4",2272,"Olio EVO ""L'olio di Licia"" BIO 1L 2020",Azienda Agricola Licia Guccione,4,2021,aprile 2021,34,
"Olio EVO ""L'olio di Licia"" BIO 3L 2020--2021--4",2273,"Olio EVO ""L'olio di Licia"" BIO 3L 2020",Azienda Agricola Licia Guccione,4,2021,aprile 2021,14,
"Olio EVO ""L'olio di Licia"" BIO 3L 2020--2021--4",2273,"Olio EVO ""L'olio di Licia"" BIO 3L 2020",Azienda Agricola Licia Guccione,4,2021,aprile 2021,14,
Olio EVO Blend BIO 1L 2020--2021--4,2278,Olio EVO Blend BIO 1L 2020,Azienda Agricola Virzì,4,2021,aprile 2021,18,
"Olio EVO verdello BIO 0,5L 2020--2021--4",2279,"Olio EVO verdello BIO 0,5L 2020",Azienda Agricola Virzì,4,2021,aprile 2021,15,
Olio EVO Blend BIO 3L 2020--2021--4,2288,Olio EVO Blend BIO 3L 2020,Azienda Agricola Virzì,4,2021,aprile 2021,3,
"Olio EVO Primo Dop Monti Iblei 0,75L 2020--2021--4",2282,"Olio EVO Primo Dop Monti Iblei 0,75L 2020",Frantoi Cutrera SRL,4,2021,aprile 2021,7,
"Olio extravergine di oliva ""Mille"" 2020 250 ml--2021--4",2284,"Olio extravergine di oliva ""Mille"" 2020 250 ml",Frantoi Cutrera SRL,4,2021,aprile 2021,7,
Olio EVO Blend 5 L BIO 2020--2021--4,3004,Olio EVO Blend 5 L BIO 2020,Società Agricola Semplice Salsello,4,2021,aprile 2021,6,
Olio EVO Blend 5 L BIO 2020--2021--4,3004,Olio EVO Blend 5 L BIO 2020,Società Agricola Semplice Salsello,4,2021,aprile 2021,6,
"Olio EVO ""Zenia"" 1L BIO 2020--2021--4",2274,"Olio EVO ""Zenia"" 1L BIO 2020",Azienda agricola f.lli Mangano,4,2021,aprile 2021,30,
"Olio EVO ""L'olio di Licia"" BIO 1L 2020--2021--4",2272,"Olio EVO ""L'olio di Licia"" BIO 1L 2020",Azienda Agricola Licia Guccione,4,2021,aprile 2021,34,
Olio EVO Blend BIO 1L 2020--2021--4,2278,Olio EVO Blend BIO 1L 2020,Azienda Agricola Virzì,4,2021,aprile 2021,18,
"Olio EVO verdello BIO 0,5L 2020--2021--4",2279,"Olio EVO verdello BIO 0,5L 2020",Azienda Agricola Virzì,4,2021,aprile 2021,15,
"Olio extravergine di oliva ""Mille"" 2020 250 ml--2021--4",2284,"Olio extravergine di oliva ""Mille"" 2020 250 ml",Frantoi Cutrera SRL,4,2021,aprile 2021,7,
"Olio extravergine di oliva  "" VERD’OLIVO NOVELLO"" 2020 1L--2021--4",2276,"Olio extravergine di oliva  "" VERD’OLIVO NOVELLO"" 2020 1L",Agrestis soc.Cooperativa Agricola,4,2021,aprile 2021,12,
"Olio extravergine di oliva ""NETTARIBLEO ORGANIC & DOP"" BIO 2020 1L--2021--4",2277,"Olio extravergine di oliva ""NETTARIBLEO ORGANIC & DOP"" BIO 2020 1L",Agrestis soc.Cooperativa Agricola,4,2021,aprile 2021,18,
"Olio EVO ""Zenia"" 1L BIO 2020--2021--4",2274,"Olio EVO ""Zenia"" 1L BIO 2020",Azienda agricola f.lli Mangano,4,2021,aprile 2021,30,
"Olio EVO ""Zenia"" 750 ml BIO 2020--2021--4",2275,"Olio EVO ""Zenia"" 750 ml BIO 2020",Azienda agricola f.lli Mangano,4,2021,aprile 2021,9,
"Olio EVO ""Zenia"" 3L BIO 2020--2021--4",2287,"Olio EVO ""Zenia"" 3L BIO 2020",Azienda agricola f.lli Mangano,4,2021,aprile 2021,6,
"Olio EVO ""Zenia"" 5L BIO 2020--2021--4",2289,"Olio EVO ""Zenia"" 5L BIO 2020",Azienda agricola f.lli Mangano,4,2021,aprile 2021,4,
"Olio EVO Greco 0,5 ML BIO 2020--2021--4",3061,"Olio EVO Greco 0,5 ML BIO 2020",Azienda Agricola Greco Società Agricola Semplice,4,2021,aprile 2021,13,
Olio EVO Greco 3 L BIO 2020--2021--4,3062,Olio EVO Greco 3 L BIO 2020,Azienda Agricola Greco Società Agricola Semplice,4,2021,aprile 2021,4,
Olio EVO Greco 2020 1 L BIO--2021--4,3063,Olio EVO Greco 2020 1 L BIO,Azienda Agricola Greco Società Agricola Semplice,4,2021,aprile 2021,17,
"Olio EVO ""L'olio di Licia"" BIO 1L 2020--2021--4",2272,"Olio EVO ""L'olio di Licia"" BIO 1L 2020",Azienda Agricola Licia Guccione,4,2021,aprile 2021,34,
"Olio EVO ""L'olio di Licia"" BIO 3L 2020--2021--4",2273,"Olio EVO ""L'olio di Licia"" BIO 3L 2020",Azienda Agricola Licia Guccione,4,2021,aprile 2021,14,
"Olio EVO ""L'olio di Licia"" BIO 1L 2020--2021--4",2272,"Olio EVO ""L'olio di Licia"" BIO 1L 2020",Azienda Agricola Licia Guccione,4,2021,aprile 2021,34,
Olio EVO Blend BIO 1L 2020--2021--4,2278,Olio EVO Blend BIO 1L 2020,Azienda Agricola Virzì,4,2021,aprile 2021,18,
"Olio EVO verdello BIO 0,5L 2020--2021--4",2279,"Olio EVO verdello BIO 0,5L 2020",Azienda Agricola Virzì,4,2021,aprile 2021,15,
Olio EVO Blend BIO 3L 2020--2021--4,2288,Olio EVO Blend BIO 3L 2020,Azienda Agricola Virzì,4,2021,aprile 2021,3,
Olio Virzì EVO Blend BIO 5L 2020--2021--4,2290,Olio Virzì EVO Blend BIO 5L 2020,Azienda Agricola Virzì,4,2021,aprile 2021,1,
"Olio EVO Primo Dop Monti Iblei 0,75L 2020--2021--4",2282,"Olio EVO Primo Dop Monti Iblei 0,75L 2020",Frantoi Cutrera SRL,4,2021,aprile 2021,7,
"Olio EVO Gran Cru moresca 0,5L 2020--2021--4",2283,"Olio EVO Gran Cru moresca 0,5L 2020",Frantoi Cutrera SRL,4,2021,aprile 2021,1,
"Olio extravergine di oliva ""Mille"" 2020 250 ml--2021--4",2284,"Olio extravergine di oliva ""Mille"" 2020 250 ml",Frantoi Cutrera SRL,4,2021,aprile 2021,7,
Olio EVO Blend 5 L BIO 2020--2021--4,3004,Olio EVO Blend 5 L BIO 2020,Società Agricola Semplice Salsello,4,2021,aprile 2021,6,
"Olio EVO Greco 0,5 ML BIO 2020--2021--4",3061,"Olio EVO Greco 0,5 ML BIO 2020",Azienda Agricola Greco Società Agricola Semplice,4,2021,aprile 2021,13,
"Olio EVO verdello BIO 0,5L 2020--2021--4",2279,"Olio EVO verdello BIO 0,5L 2020",Azienda Agricola Virzì,4,2021,aprile 2021,15,
"Olio EVO ""Zenia"" 1L BIO 2020--2021--4",2274,"Olio EVO ""Zenia"" 1L BIO 2020",Azienda agricola f.lli Mangano,4,2021,aprile 2021,30,
"Olio EVO verdello BIO 0,5L 2020--2021--4",2279,"Olio EVO verdello BIO 0,5L 2020",Azienda Agricola Virzì,4,2021,aprile 2021,15,
"Olio EVO Greco 0,5 ML BIO 2020--2021--4",3061,"Olio EVO Greco 0,5 ML BIO 2020",Azienda Agricola Greco Società Agricola Semplice,4,2021,aprile 2021,13,
"Olio extravergine di oliva  "" VERD’OLIVO NOVELLO"" 2020 1L--2021--4",2276,"Olio extravergine di oliva  "" VERD’OLIVO NOVELLO"" 2020 1L",Agrestis soc.Cooperativa Agricola,4,2021,aprile 2021,12,
"Olio extravergine di oliva ""NETTARIBLEO ORGANIC & DOP"" BIO 2020 1L--2021--4",2277,"Olio extravergine di oliva ""NETTARIBLEO ORGANIC & DOP"" BIO 2020 1L",Agrestis soc.Cooperativa Agricola,4,2021,aprile 2021,18,
"Olio EVO ""Zenia"" 1L BIO 2020--2021--4",2274,"Olio EVO ""Zenia"" 1L BIO 2020",Azienda agricola f.lli Mangano,4,2021,aprile 2021,30,
"Olio EVO ""Zenia"" 750 ml BIO 2020--2021--4",2275,"Olio EVO ""Zenia"" 750 ml BIO 2020",Azienda agricola f.lli Mangano,4,2021,aprile 2021,9,
"Olio EVO ""Zenia"" 3L BIO 2020--2021--4",2287,"Olio EVO ""Zenia"" 3L BIO 2020",Azienda agricola f.lli Mangano,4,2021,aprile 2021,6,
"Olio EVO ""Zenia"" 5L BIO 2020--2021--4",2289,"Olio EVO ""Zenia"" 5L BIO 2020",Azienda agricola f.lli Mangano,4,2021,aprile 2021,4,
"Olio EVO Greco 0,5 ML BIO 2020--2021--4",3061,"Olio EVO Greco 0,5 ML BIO 2020",Azienda Agricola Greco Società Agricola Semplice,4,2021,aprile 2021,13,
Olio EVO Greco 2020 1 L BIO--2021--4,3063,Olio EVO Greco 2020 1 L BIO,Azienda Agricola Greco Società Agricola Semplice,4,2021,aprile 2021,17,
Olio EVO Greco 2020 1 L BIO--2021--4,3063,Olio EVO Greco 2020 1 L BIO,Azienda Agricola Greco Società Agricola Semplice,4,2021,aprile 2021,17,
"Olio EVO ""L'olio di Licia"" BIO 1L 2020--2021--4",2272,"Olio EVO ""L'olio di Licia"" BIO 1L 2020",Azienda Agricola Licia Guccione,4,2021,aprile 2021,34,
"Olio EVO ""L'olio di Licia"" BIO 3L 2020--2021--4",2273,"Olio EVO ""L'olio di Licia"" BIO 3L 2020",Azienda Agricola Licia Guccione,4,2021,aprile 2021,14,
Olio EVO Blend BIO 1L 2020--2021--4,2278,Olio EVO Blend BIO 1L 2020,Azienda Agricola Virzì,4,2021,aprile 2021,18,
"Olio EVO verdello BIO 0,5L 2020--2021--4",2279,"Olio EVO verdello BIO 0,5L 2020",Azienda Agricola Virzì,4,2021,aprile 2021,15,
Olio EVO Blend BIO 3L 2020--2021--4,2288,Olio EVO Blend BIO 3L 2020,Azienda Agricola Virzì,4,2021,aprile 2021,3,
"Olio EVO Primo Dop Monti Iblei 0,75L 2020--2021--4",2282,"Olio EVO Primo Dop Monti Iblei 0,75L 2020",Frantoi Cutrera SRL,4,2021,aprile 2021,7,
Olio EVO Blend 5 L BIO 2020--2021--4,3004,Olio EVO Blend 5 L BIO 2020,Società Agricola Semplice Salsello,4,2021,aprile 2021,6,
"Olio EVO ""L'olio di Licia"" BIO 3L 2020--2021--4",2273,"Olio EVO ""L'olio di Licia"" BIO 3L 2020",Azienda Agricola Licia Guccione,4,2021,aprile 2021,14,
"Olio EVO ""Zenia"" 5L BIO 2020--2021--5",2289,"Olio EVO ""Zenia"" 5L BIO 2020",Azienda agricola f.lli Mangano,5,2021,maggio 2021,1,